Rank	Taxon	Counts			
Kingdom	d__Bacteria	19068			
Phylum	p__Actinobacteriota	87			
Phylum	p__Eremiobacterota	2			
Phylum	p__Riflebacteria	4			
Phylum	p__Bacteroidota	2592			
Phylum	p__Campylobacterota	4			
Phylum	p__Cyanobacteria	172			
Phylum	p__UBA3054	1			
Phylum	p__Fibrobacterota	42			
Phylum	p__Deferribacterota	2			
Phylum	p__Proteobacteria	539			
Phylum	p__Chloroflexota	2			
Phylum	p__Chlamydiota	2			
Phylum	p__Desulfobacterota_I	22			
Phylum	p__Spirochaetota	245			
Phylum	p__Elusimicrobiota	95			
Phylum	p__Firmicutes	769			
Phylum	p__Firmicutes_A	13509			
Phylum	p__Armatimonadota	3			
Phylum	p__Firmicutes_B	37			
Phylum	p__Firmicutes_C	52			
Phylum	p__Planctomycetota	39			
Phylum	p__Patescibacteria	310			
Phylum	p__Desulfobacterota	2			
Phylum	p__Synergistota	10			
Phylum	p__Myxococcota	21			
Phylum	p__Verrucomicrobiota	505			
Class	c__Kiritimatiellae	150			
Class	c__Alphaproteobacteria	497			
Class	c__Coriobacteriia	61			
Class	c__Dehalobacteriia	10			
Class	c__Gammaproteobacteria	42			
Class	c__Verrucomicrobiae	176			
Class	c__Bacilli	769			
Class	c__Xenobia	2			
Class	c__Negativicutes	52			
Class	c__XYA12-FULL-58-9	2			
Class	c__Actinomycetia	26			
Class	c__Desulfarculia	1			
Class	c__Bradymonadia	17			
Class	c__Desulfobulbia	1			
Class	c__Microgenomatia	2			
Class	c__Lentisphaeria	179			
Class	c__Deferribacteres	2			
Class	c__UBA4802	1			
Class	c__UBA5829	3			
Class	c__Thermincolia	1			
Class	c__Planctomycetia	39			
Class	c__GWE2-31-10	3			
Class	c__Anaerolineae	2			
Class	c__UBA3054	1			
Class	c__JAEDAM01	5			
Class	c__Chlamydiia	2			
Class	c__Syntrophomonadia	2			
Class	c__Endomicrobia	3			
Class	c__Bacteroidia	2592			
Class	c__Elusimicrobia	92			
Class	c__Peptococcia	22			
Class	c__Desulfotomaculia	2			
Class	c__Synergistia	10			
Class	c__Desulfovibrionia	22			
Class	c__Vampirovibrionia	172			
Class	c__Myxococcia	2			
Class	c__Spirochaetia	241			
Class	c__Saccharimonadia	303			
Class	c__Ozemobacteria	4			
Class	c__Campylobacteria	4			
Class	c__Clostridia	13509			
Class	c__Fibrobacteria	42			
Order	o__DRI-13	1			
Order	o__UBA7976	1			
Order	o__UBA1212	53			
Order	o__RF32	221			
Order	o__Myxococcales	2			
Order	o__RGIG982	5			
Order	o__Pseudomonadales	16			
Order	o__UBA3830	7			
Order	o__Actinomycetales	24			
Order	o__RF39	260			
Order	o__UMGS1840	67			
Order	o__Deferribacterales	2			
Order	o__CADAEX01	5			
Order	o__Victivallales	172			
Order	o__Rickettsiales	1			
Order	o__UBA4248	16			
Order	o__Fibrobacterales	42			
Order	o__RFP12	149			
Order	o__Saccharimonadales	303			
Order	o__UMGS1883	213			
Order	o__Desulfovibrionales	22			
Order	o__Chlamydiales	2			
Order	o__UBA9339	1			
Order	o__Pirellulales	39			
Order	o__RFN20	116			
Order	o__Adiutricales	1			
Order	o__Elusimicrobiales	92			
Order	o__Selenomonadales	18			
Order	o__RUG12999	41			
Order	o__Propionibacteriales	1			
Order	o__Peptostreptococcales	204			
Order	o__	5			
Order	o__Rs-D84	259			
Order	o__Mycobacteriales	1			
Order	o__Clostridiales	9			
Order	o__Mycoplasmatales	25			
Order	o__Verrucomicrobiales	146			
Order	o__UBA3054	1			
Order	o__Bacillales_A	38			
Order	o__UBA4802	1			
Order	o__Bacillales_B	17			
Order	o__UBA5829	3			
Order	o__Paenibacillales	3			
Order	o__Caedimonadales	1			
Order	o__Peptococcales	21			
Order	o__Acidaminococcales	28			
Order	o__Sphingomonadales	2			
Order	o__HGM11514	22			
Order	o__RGIG8785	3			
Order	o__Desulfotomaculales	2			
Order	o__Synergistales	10			
Order	o__Enterobacterales	13			
Order	o__LD1-PB3	1			
Order	o__Acetobacterales	2			
Order	o__Treponematales	227			
Order	o__Sphingobacteriales	13			
Order	o__UMGS1810	190			
Order	o__ML615J-28	118			
Order	o__Lachnospirales	1681			
Order	o__HGM11327	8			
Order	o__Xenobiales	2			
Order	o__Christensenellales	1621			
Order	o__GWE2-31-10	3			
Order	o__TANB77	133			
Order	o__Lactobacillales	11			
Order	o__Oscillospirales	8408			
Order	o__Gastranaerophilales	172			
Order	o__Bacteroidales	2568			
Order	o__Campylobacterales	4			
Order	o__Flavobacteriales	10			
Order	o__Erysipelotrichales	143			
Order	o__Burkholderiales	12			
Order	o__Veillonellales	1			
Order	o__RGIG6154	60			
Order	o__Chitinophagales	1			
Order	o__Endomicrobiales	3			
Order	o__Acholeplasmatales	37			
Order	o__Absconditabacterales	5			
Order	o__Monoglobales	275			
Order	o__Opitutales	29			
Order	o__Anaerolineales	2			
Order	o__UBA4068	6			
Order	o__Coriobacteriales	61			
Order	o__Ozemobacterales	4			
Order	o__UBA7702	4			
Order	o__Rhodobacterales	1			
Order	o__Izemoplasmatales	1			
Order	o__Syntrophomonadales	2			
Order	o__Pedosphaerales	1			
Order	o__UBA1400	2			
Order	o__JAEEML01	2			
Order	o__UBA1381	443			
Order	o__RUG11792	3			
Order	o__Desulfobulbales	1			
Order	o__Sphaerochaetales	9			
Order	o__UBA1407	7			
Order	o__Saccharofermentanales	63			
Order	o__Eubacteriales	11			
Family	f__Lactobacillaceae	4			
Family	f__Victivallaceae	142			
Family	f__CADBOM01	1			
Family	f__Syntrophomonadaceae	2			
Family	f__UBA1407	7			
Family	f__GWE2-31-10	3			
Family	f__Anaeroplasmataceae	37			
Family	f__CAG-826	71			
Family	f__Anaerofustaceae	11			
Family	f__UBA1212	12			
Family	f__CAG-138	49			
Family	f__Muribaculaceae	85			
Family	f__DUVY01	1			
Family	f__Christensenellaceae	7			
Family	f__RGIG982	5			
Family	f__UBA11471	1			
Family	f__Acidaminococcaceae	28			
Family	f__UBA4181	1			
Family	f__CAG-382	396			
Family	f__Borkfalkiaceae	877			
Family	f__CAG-1252	2			
Family	f__CAG-631	14			
Family	f__Thermoguttaceae	39			
Family	f__W3P20-009	16			
Family	f__PJMF01	2			
Family	f__RGIG6154	60			
Family	f__UBA1234	9			
Family	f__Akkermansiaceae	146			
Family	f__Ozemobacteraceae	4			
Family	f__UBA9506	175			
Family	f__JAAYLN01	3			
Family	f__F082	93			
Family	f__Atopobiaceae	14			
Family	f__MARSEILLE-P3954	2			
Family	f__UBA644	67			
Family	f__UBA1715	11			
Family	f__QAMH01	2			
Family	f__WCHB1-69	40			
Family	f__UBA1255	29			
Family	f__Firm-18	43			
Family	f__UBA660	260			
Family	f__UBA1257	1			
Family	f__Tannerellaceae	3			
Family	f__UBA3830	7			
Family	f__SIG427	3			
Family	f__Succinivibrionaceae	9			
Family	f__Peptococcaceae	21			
Family	f__Rikenellaceae	446			
Family	f__UBA5745	1			
Family	f__Barnesiellaceae	17			
Family	f__Crocinitomicaceae	1			
Family	f__RUG350	24			
Family	f__CAG-449	11			
Family	f__UBA1750	5			
Family	f__UBA4248	16			
Family	f__HGM11501	13			
Family	f__UBA5550	1			
Family	f__Gastranaerophilaceae	149			
Family	f__CAG-465	31			
Family	f__Sphingobacteriaceae	12			
Family	f__JAEEML01	2			
Family	f__CAG-239	132			
Family	f__ML635J-15	2			
Family	f__UBA1067	136			
Family	f__UBA932	676			
Family	f__Weeksellaceae	1			
Family	f__RUG11792	3			
Family	f__HGM11507	43			
Family	f__UBA9339	1			
Family	f__Pseudomonadaceae	3			
Family	f__BX7	8			
Family	f__CAG-698	36			
Family	f__P3	88			
Family	f__Anaerotignaceae	16			
Family	f__Planococcaceae	38			
Family	f__	348			
Family	f__Bacteroidaceae	691			
Family	f__UBA1547	1			
Family	f__Synergistaceae	10			
Family	f__Burkholderiaceae	11			
Family	f__CAG-272	2581			
Family	f__Rhodocyclaceae	1			
Family	f__UBA953	9			
Family	f__CAG-508	88			
Family	f__Mucispirillaceae	2			
Family	f__Marinifilaceae	11			
Family	f__UBA3663	63			
Family	f__UMGS1783	25			
Family	f__RGIG7773	1			
Family	f__Enterobacteriaceae	2			
Family	f__Microbacteriaceae	8			
Family	f__CAG-312	12			
Family	f__CACZYB01	4			
Family	f__Oscillospiraceae	1883			
Family	f__CAG-313	82			
Family	f__Acutalibacteraceae	2448			
Family	f__Adiutricaceae	1			
Family	f__CAG-314	25			
Family	f__UBA5829	3			
Family	f__Elusimicrobiaceae	92			
Family	f__Nocardioidaceae	1			
Family	f__SZUA-534	4			
Family	f__Desulfobulbaceae	1			
Family	f__Selenomonadaceae	18			
Family	f__Eggerthellaceae	43			
Family	f__Campylobacteraceae	3			
Family	f__Clostridiaceae	9			
Family	f__UMGS1840	24			
Family	f__RUG14156	19			
Family	f__JAAYXM01	105			
Family	f__X112	5			
Family	f__UBA1390	22			
Family	f__Lachnospiraceae	1629			
Family	f__Rs-D84	254			
Family	f__UBA1412	1			
Family	f__Saccharofermentanaceae	63			
Family	f__Saccharimonadaceae	1			
Family	f__Streptococcaceae	1			
Family	f__Lenti-01	1			
Family	f__SIG350	1			
Family	f__UBA3054	1			
Family	f__RGIG7378	5			
Family	f__CADAEX01	5			
Family	f__UBA1188	1			
Family	f__Fibrobacteraceae	42			
Family	f__Desulfocucumaceae	2			
Family	f__Nanosyncoccaceae	300			
Family	f__RGIG5299	4			
Family	f__UMGS1883	130			
Family	f__QALW01	55			
Family	f__Sphingomonadaceae	2			
Family	f__UMGS416	4			
Family	f__Cellulomonadaceae	2			
Family	f__Anaerolineaceae	2			
Family	f__Desulfovibrionaceae	22			
Family	f__UBA1242	273			
Family	f__Flavobacteriaceae	4			
Family	f__Shewanellaceae	1			
Family	f__Mycobacteriaceae	1			
Family	f__Helicobacteraceae	1			
Family	f__RGIG9151	4			
Family	f__Butyricicoccaceae	55			
Family	f__Metamycoplasmataceae	2			
Family	f__Acetobacteraceae	2			
Family	f__MGBC116941	1			
Family	f__UBA1709	8			
Family	f__CAG-74	221			
Family	f__RUG12999	41			
Family	f__UMGS1253	29			
Family	f__Paludibacteraceae	277			
Family	f__RGIG8785	3			
Family	f__QAKW01	94			
Family	f__Chitinophagaceae	1			
Family	f__JAGOMX01	1			
Family	f__UBA3824	10			
Family	f__QAMX01	17			
Family	f__DUOF01	12			
Family	f__Sphaerochaetaceae	9			
Family	f__Carnobacteriaceae	3			
Family	f__Chlamydiaceae	2			
Family	f__Endomicrobiaceae	3			
Family	f__Bifidobacteriaceae	6			
Family	f__UBA5755	6			
Family	f__CAG-917	18			
Family	f__Monoglobaceae	232			
Family	f__Rhodobacteraceae	1			
Family	f__Ruminococcaceae	423			
Family	f__UBA1532	1			
Family	f__Micrococcaceae	8			
Family	f__Paenibacillaceae	3			
Family	f__UBA5297	1			
Family	f__Enterococcaceae	3			
Family	f__UBA9783	6			
Family	f__Erysipelotrichaceae	134			
Family	f__DSM-1321	15			
Family	f__Nanoperiomorbaceae	1			
Family	f__BM520	1			
Family	f__DTU072	17			
Family	f__UMGS1540	66			
Family	f__HGM11514	22			
Family	f__UBA3636	4			
Family	f__Xenobiaceae	2			
Family	f__UBA3637	83			
Family	f__JAAYOS01	1			
Family	f__Coprobacillaceae	9			
Family	f__MB2-83	1			
Family	f__Treponemataceae	227			
Family	f__UBA1997	1			
Family	f__Anaerovoracaceae	204			
Family	f__UMGS1810	190			
Family	f__Myxococcaceae	1			
Family	f__UBA1820	4			
Family	f__UBA7702	4			
Family	f__G3-4614	15			
Family	f__Moraxellaceae	13			
Family	f__SIG530	1			
Family	f__RGIG8002	2			
Family	f__HGM11327	8			
Family	f__CAG-977	6			
Family	f__Aeromonadaceae	1			
Family	f__SIG519	1			
Family	f__CAG-552	37			
Family	f__Dialisteraceae	1			
Family	f__Cellulosilyticaceae	4			
Family	f__Mycoplasmoidaceae	23			
Family	f__UBA1381	239			
Family	f__UBA1829	30			
Family	f__DSM-18226	2			
Family	f__UBA1402	4			
Genus	g__HGM13222	6			
Genus	g__QHMH01	1			
Genus	g__Odoribacter	5			
Genus	g__Sphingobacterium	4			
Genus	g__RGIG9126	10			
Genus	g__MGBC116941	1			
Genus	g__RGIG2206	15			
Genus	g__CAG-590	25			
Genus	g__CAG-510	7			
Genus	g__CAG-826	2			
Genus	g__CAG-552	2			
Genus	g__Anaerosporobacter	1			
Genus	g__JAEEJN01	1			
Genus	g__ISDg	12			
Genus	g__CAG-557	6			
Genus	g__UBA8612	49			
Genus	g__UBA1731	15			
Genus	g__UBA1774	4			
Genus	g__RGIG3513	8			
Genus	g__UBA1775	35			
Genus	g__HGM11616	3			
Genus	g__UBA1776	7			
Genus	g__UBA4345	1			
Genus	g__UBA1737	19			
Genus	g__UBA1738	53			
Genus	g__UBA1425	4			
Genus	g__Chryseobacterium	1			
Genus	g__Heteroclostridium	4			
Genus	g__UBA1195	3			
Genus	g__RUG592	1			
Genus	g__Flavobacterium	4			
Genus	g__Chlamydia	1			
Genus	g__CAG-127	44			
Genus	g__SFHK01	11			
Genus	g__HGM12650	1			
Genus	g__RGIG1943	3			
Genus	g__UBA2730	2			
Genus	g__JAGCJX01	3			
Genus	g__RGIG1902	5			
Genus	g__RGIG446	4			
Genus	g__CAJOIG01	9			
Genus	g__Adiutrix	1			
Genus	g__RGIG1987	1			
Genus	g__RGIG1988	40			
Genus	g__RGIG8597	3			
Genus	g__Egerieisoma	14			
Genus	g__RGIG4284	2			
Genus	g__Blautia_A	3			
Genus	g__RGIG8244	6			
Genus	g__HGM12619	24			
Genus	g__NK4A144	1			
Genus	g__Gallimonas	2			
Genus	g__Paratractidigestivibacter	1			
Genus	g__Desulfobulbus	1			
Genus	g__UMGS882	9			
Genus	g__RGIG1017	1			
Genus	g__SIG230	1			
Genus	g__SIG587	20			
Genus	g__SIG588	15			
Genus	g__SIG274	4			
Genus	g__SIG589	25			
Genus	g__Faecalimonas	143			
Genus	g__KLE1615	1			
Genus	g__Streptococcus	1			
Genus	g__14-2	11			
Genus	g__RGIG6904	8			
Genus	g__RGIG2945	10			
Genus	g__UBA3774	9			
Genus	g__RUG13409	17			
Genus	g__RGIG9201	1			
Genus	g__HGM13618	1			
Genus	g__UBA3738	1			
Genus	g__1XD8-76	1			
Genus	g__UMGS1649	26			
Genus	g__RGIG6639	2			
Genus	g__UMGS1338	2			
Genus	g__JAFSXO01	2			
Genus	g__Butyribacter	1			
Genus	g__Enterocloster	1			
Genus	g__RGIG2094	23			
Genus	g__F23-B02	23			
Genus	g__RGIG6097	1			
Genus	g__RGIG6098	2			
Genus	g__CAG-632	3			
Genus	g__Pradoshia	5			
Genus	g__QANG01	6			
Genus	g__RGIG3947	5			
Genus	g__FD2005	1			
Genus	g__RGIG7949	2			
Genus	g__RUG14179	7			
Genus	g__Pseudomonas_A	1			
Genus	g__RGIG3636	1			
Genus	g__UBA737	390			
Genus	g__Saccharofermentans	57			
Genus	g__Fimiplasma	2			
Genus	g__UBA738	3			
Genus	g__Pseudomonas_E	2			
Genus	g__RGIG3091	2			
Genus	g__UBA1231	17			
Genus	g__RGIG3013	3			
Genus	g__UBA1234	3			
Genus	g__Nocardioides	1			
Genus	g__SFHR01	1			
Genus	g__RGIG3096	4			
Genus	g__RUG12871	5			
Genus	g__UMGS2069	6			
Genus	g__Dorea	4			
Genus	g__UBA1238	1			
Genus	g__Faecisoma	1			
Genus	g__Merdousia	11			
Genus	g__RUG11797	3			
Genus	g__CAG-1000	13			
Genus	g__GCA-900199385	16			
Genus	g__RUG11130	39			
Genus	g__Egerieousia	67			
Genus	g__Alistipes	372			
Genus	g__RGIG250	3			
Genus	g__RGIG1752	2			
Genus	g__Anaerotignum	12			
Genus	g__RGIG1711	18			
Genus	g__RUG369	23			
Genus	g__UBA2813	6			
Genus	g__RUG11139	4			
Genus	g__Onthomorpha	17			
Genus	g__UBA11540	18			
Genus	g__MGBC143606	5			
Genus	g__Fimisoma	11			
Genus	g__Acetatifactor	180			
Genus	g__UBA6857	177			
Genus	g__Taishania	1			
Genus	g__RUG099	59			
Genus	g__RGIG8050	15			
Genus	g__RGIG8367	2			
Genus	g__Novosphingobium	1			
Genus	g__Onthomonas	4			
Genus	g__V9D3004	1			
Genus	g__UBA11549	1			
Genus	g__Rhodococcus	1			
Genus	g__RGIG4097	17			
Genus	g__SIG622	17			
Genus	g__SIG350	1			
Genus	g__SIG351	6			
Genus	g__SIG627	6			
Genus	g__SIG354	2			
Genus	g__Bulleidia	28			
Genus	g__2011-GWC2-44-17	1			
Genus	g__RGIG9670	6			
Genus	g__Lachnospira	6			
Genus	g__UMGS1491	6			
Genus	g__UBA3855	30			
Genus	g__Duodenibacillus	1			
Genus	g__UMGS1494	7			
Genus	g__RGIG5050	2			
Genus	g__Butyricicoccus	1			
Genus	g__RGIG5327	3			
Genus	g__Caccosoma	1			
Genus	g__RGIG9096	6			
Genus	g__RGIG6449	1			
Genus	g__RGIG2134	8			
Genus	g__CAG-791	11			
Genus	g__RUG14871	3			
Genus	g__SZUA-448	19			
Genus	g__Copromonas	19			
Genus	g__RGIG9099	11			
Genus	g__Paenibacillus	3			
Genus	g__CAG-710	1			
Genus	g__CAG-793	1			
Genus	g__RGIG6178	10			
Genus	g__UMGS1109	2			
Genus	g__Slackia_A	1			
Genus	g__Negativibacillus	9			
Genus	g__CAG-485	7			
Genus	g__XBB1006	3			
Genus	g__CAG-488	52			
Genus	g__Tener-01	1			
Genus	g__CAG-448	236			
Genus	g__CAG-449	3			
Genus	g__Kineothrix	4			
Genus	g__Faecivicinus	4			
Genus	g__Ruminococcus_B	1			
Genus	g__HGM11501	12			
Genus	g__RUG14219	3			
Genus	g__Ruminococcus_C	3			
Genus	g__Faecousia	1353			
Genus	g__Ruminococcus_E	158			
Genus	g__RGIG7444	2			
Genus	g__Ruminococcus_F	1			
Genus	g__CAG-1782	2			
Genus	g__HGM11507	5			
Genus	g__UBA1394	8			
Genus	g__Evtepia	4			
Genus	g__RGIG3135	5			
Genus	g__VSOB01	2			
Genus	g__UBA1081	34			
Genus	g__RGIG990	3			
Genus	g__Carnobacterium_A	3			
Genus	g__RGIG7179	8			
Genus	g__Scatenecus	1			
Genus	g__RUG754	3			
Genus	g__RGIG995	28			
Genus	g__RUG440	8			
Genus	g__RUG756	1			
Genus	g__Fimousia	2			
Genus	g__RUG12999	4			
Genus	g__RGIG4790	3			
Genus	g__Caccovivens	38			
Genus	g__RUG11257	2			
Genus	g__SFWF01	103			
Genus	g__RGIG8715	1			
Genus	g__RGIG4130	2			
Genus	g__HGM12587	20			
Genus	g__UBA9506	107			
Genus	g__RGIG4131	9			
Genus	g__SFLA01	17			
Genus	g__SIG701	41			
Genus	g__Arthrobacter_B	8			
Genus	g__SIG704	1			
Genus	g__SIG471	1			
Genus	g__SIG430	6			
Genus	g__Choladocola	4			
Genus	g__UMGS731	12			
Genus	g__JAAZZIT01	2			
Genus	g__HGM05376	9			
Genus	g__SIG435	9			
Genus	g__WREN01	1			
Genus	g__SIG437	12			
Genus	g__Pediococcus	1			
Genus	g__UMGS1840	8			
Genus	g__SIG438	15			
Genus	g__Helicobacter_B	1			
Genus	g__UMGS1883	112			
Genus	g__Alectryocaccobium	6			
Genus	g__RGIG5755	10			
Genus	g__SFRY01	1			
Genus	g__Spyradosoma	9			
Genus	g__RGIG2560	2			
Genus	g__UBA3663	62			
Genus	g__UMGS1532	19			
Genus	g__CAJOQB01	3			
Genus	g__Treponema_D	176			
Genus	g__Pelobium	1			
Genus	g__MGBC108787	1			
Genus	g__Treponema_F	16			
Genus	g__RGIG6291	3			
Genus	g__Copromorpha	24			
Genus	g__UMGS1264	1			
Genus	g__UMGS1224	1			
Genus	g__Avidehalobacter	6			
Genus	g__UMGS1225	2			
Genus	g__F23-D06	19			
Genus	g__Quinella	3			
Genus	g__CAG-877	33			
Genus	g__AC2028	12			
Genus	g__Limosilactobacillus	2			
Genus	g__RGIG3872	3			
Genus	g__UBA1740	715			
Genus	g__UBA1783	4			
Genus	g__UBA1784	90			
Genus	g__Denitrobacterium	1			
Genus	g__RGIG3525	1			
Genus	g__UBA1786	18			
Genus	g__Ornithospirochaeta	3			
Genus	g__RGIG3566	13			
Genus	g__RGIG3528	11			
Genus	g__UBA629	1			
Genus	g__RGIG7213	13			
Genus	g__UBA1709	1			
Genus	g__UBA1436	57			
Genus	g__UMGS75	3			
Genus	g__Bacteroides	10			
Genus	g__Ruminococcus	50			
Genus	g__Parachristensenella	3			
Genus	g__CAG-170	9			
Genus	g__MGBC113645	2			
Genus	g__RUG521	4			
Genus	g__RUG563	27			
Genus	g__CAG-177	184			
Genus	g__Phocaeicola_A	22			
Genus	g__RGIG1993	11			
Genus	g__RGIG1911	4			
Genus	g__SFTH01	5			
Genus	g__RGIG1995	31			
Genus	g__RGIG1913	3			
Genus	g__RGIG1681	22			
Genus	g__RGIG8523	5			
Genus	g__RGIG1916	2			
Genus	g__Alloscillospira	4			
Genus	g__UBA11471	1			
Genus	g__Traorella	8			
Genus	g__RGIG1959	31			
Genus	g__RGIG1918	7			
Genus	g__UBA11475	8			
Genus	g__SIG510	9			
Genus	g__SIG554	1			
Genus	g__Clavibacter	2			
Genus	g__SIG200	3			
Genus	g__Fimimonas	11			
Genus	g__SIG598	15			
Genus	g__SIG204	5			
Genus	g__SIG519	1			
Genus	g__RGIG2951	3			
Genus	g__SIG205	1			
Genus	g__SIG208	2			
Genus	g__UBA7702	4			
Genus	g__Fusicatenibacter	1			
Genus	g__Enteromonas	4			
Genus	g__UMGS1613	16			
Genus	g__UMGS1696	72			
Genus	g__Gallipaludibacter	3			
Genus	g__Dysosmobacter	29			
Genus	g__RGIG6919	4			
Genus	g__Pelethenecus	6			
Genus	g__UBA3789	11			
Genus	g__UMGS1071	2			
Genus	g__RGIG6374	2			
Genus	g__RGIG6375	9			
Genus	g__UMGS1387	43			
Genus	g__UBA7477	7			
Genus	g__RGIG5299	4			
Genus	g__UMGS1307	2			
Genus	g__E4-60	10			
Genus	g__HGM13006	5			
Genus	g__RGIG2066	11			
Genus	g__DUWA01	1			
Genus	g__Fibrobacter	37			
Genus	g__Shewanella	1			
Genus	g__Caccoplasma	15			
Genus	g__Comamonas	2			
Genus	g__RGIG3994	18			
Genus	g__Coprosoma	4			
Genus	g__Mycoplasma_L	2			
Genus	g__RUG14186	1			
Genus	g__DTU064	5			
Genus	g__Spyradenecus	11			
Genus	g__RGIG7332	22			
Genus	g__Agathobacter	80			
Genus	g__UBA1240	4			
Genus	g__UBA10281	25			
Genus	g__MGBC120314	4			
Genus	g__RGIG7378	5			
Genus	g__UBA1203	1			
Genus	g__UMGS2037	2			
Genus	g__UBA1246	1			
Genus	g__UBA1205	2			
Genus	g__UBA1206	3			
Genus	g__MB2-83	1			
Genus	g__Aphodosoma	40			
Genus	g__RUG11142	1			
Genus	g__RUG334	4			
Genus	g__Marvinbryantia	1			
Genus	g__Stercoripulliclostridium_A	14			
Genus	g__Saccharimonas	1			
Genus	g__UBA2862	11			
Genus	g__UBA9786	1			
Genus	g__51-20	8			
Genus	g__Alectryobacillus	2			
Genus	g__QAKD01	1			
Genus	g__Zag111	16			
Genus	g__HGM12789	5			
Genus	g__RGIG8607	4			
Genus	g__Avimonoglobus	1			
Genus	g__RGIG4607	7			
Genus	g__UBA11512	7			
Genus	g__UBA2868	67			
Genus	g__RGIG4608	45			
Genus	g__M3	1			
Genus	g__Eisenbergiella	4			
Genus	g__Campylobacter	3			
Genus	g__SIG672	38			
Genus	g__SIG673	35			
Genus	g__UMGS973	4			
Genus	g__SIG636	14			
Genus	g__Enterococcus_B	3			
Genus	g__RGIG5681	1			
Genus	g__UBA7862	8			
Genus	g__RGIG6720	1			
Genus	g__UBA3824	9			
Genus	g__Coprovivens	37			
Genus	g__Mycetocola_A	1			
Genus	g__UBA7867	4			
Genus	g__UBA7868	2			
Genus	g__Avispirillum	52			
Genus	g__Parabacteroides	2			
Genus	g__RGIG9608	6			
Genus	g__RGIG9060	10			
Genus	g__RGIG6452	2			
Genus	g__UBA7597	5			
Genus	g__RGIG9379	2			
Genus	g__Catenibacterium	1			
Genus	g__UBA3206	1			
Genus	g__UBA3207	16			
Genus	g__CAG-724	1			
Genus	g__CAG-492	12			
Genus	g__CAG-452	9			
Genus	g__JAAZBA01	3			
Genus	g__Flexilinea	2			
Genus	g__Onthoplasma	68			
Genus	g__Bifidobacterium	1			
Genus	g__Limimorpha	92			
Genus	g__CAG-417	1			
Genus	g__Mailhella	14			
Genus	g__UBA866	1			
Genus	g__QAKW01	52			
Genus	g__RGIG7450	21			
Genus	g__Allisonella	1			
Genus	g__UBA5905	145			
Genus	g__RGIG3495	2			
Genus	g__RGIG3456	1			
Genus	g__UBA10677	16			
Genus	g__RGIG3102	31			
Genus	g__UBA5364	2			
Genus	g__UBA4248	11			
Genus	g__UBA1367	4			
Genus	g__QALR01	38			
Genus	g__RUG760	5			
Genus	g__RGIG7107	2			
Genus	g__JAAZKA01	1			
Genus	g__RUG410	20			
Genus	g__JAFTCA01	1			
Genus	g__RUG11224	3			
Genus	g__SFTJ01	1			
Genus	g__UBA2942	3			
Genus	g__UBA6984	1			
Genus	g__W3P20-009	16			
Genus	g__UBA6985	1			
Genus	g__UBA2903	4			
Genus	g__UBA6987	6			
Genus	g__RGIG8767	22			
Genus	g__CAG-41	2			
Genus	g__CAG-83	37			
Genus	g__RGIG4729	1			
Genus	g__RGIG1888	2			
Genus	g__Fimenecus	111			
Genus	g__RGIG4140	24			
Genus	g__RGIG8497	9			
Genus	g__HUN007	19			
Genus	g__Pseudobutyrivibrio	30			
Genus	g__RGIG4103	4			
Genus	g__SIG710	29			
Genus	g__SIG480	67			
Genus	g__SIG714	9			
Genus	g__SIG440	86			
Genus	g__SIG483	8			
Genus	g__SIG402	4			
Genus	g__CAJGBR01	6			
Genus	g__SIG447	36			
Genus	g__SIG448	1			
Genus	g__CACZQQ01	1			
Genus	g__UMGS1810	3			
Genus	g__Flemingibacterium	71			
Genus	g__Paramuribaculum	4			
Genus	g__RGIG5495	4			
Genus	g__Tannerella	1			
Genus	g__UBA3633	12			
Genus	g__UMGS1502	1			
Genus	g__UMGS1585	1			
Genus	g__RUG13038	3			
Genus	g__Cellulomonas	2			
Genus	g__RGIG2220	2			
Genus	g__UBA3637	18			
Genus	g__RGIG5418	3			
Genus	g__UBA7050	5			
Genus	g__RGIG2224	21			
Genus	g__RGIG9107	2			
Genus	g__CAG-841	1			
Genus	g__CAG-882	4			
Genus	g__UBA3054	1			
Genus	g__UB1719	14			
Genus	g__UMGS1279	72			
Genus	g__CAG-884	1			
Genus	g__Scatomonas	1			
Genus	g__Ruminiclostridium_E	36			
Genus	g__Lachnoclostridium_B	1			
Genus	g__Psychrobacillus	4			
Genus	g__CAG-533	1			
Genus	g__RUG14300	1			
Genus	g__Lysinibacillus_B	7			
Genus	g__UBA940	12			
Genus	g__UBA1752	144			
Genus	g__UBA1711	45			
Genus	g__UBA4675	11			
Genus	g__UBA1753	1			
Genus	g__UBA1712	39			
Genus	g__UBA1754	1			
Genus	g__UBA4636	17			
Genus	g__UBA1755	7			
Genus	g__Anaerobutyricum	5			
Genus	g__Caccopulliclostridium	1			
Genus	g__UBA4363	4			
Genus	g__UBA636	52			
Genus	g__UBA1756	9			
Genus	g__UBA1715	10			
Genus	g__UBA1757	4			
Genus	g__RGIG7265	1			
Genus	g__HGM11367	7			
Genus	g__RUG11690	4			
Genus	g__UBA1407	2			
Genus	g__UBA1174	15			
Genus	g__UBA5489	7			
Genus	g__UBA5448	5			
Genus	g__RUG842	1			
Genus	g__CAJLXD01	1			
Genus	g__UBA1179	37			
Genus	g__RUG572	11			
Genus	g__CAG-103	4			
Genus	g__RUG806	94			
Genus	g__RUG12461	5			
Genus	g__ETT8	1			
Genus	g__SFEL01	9			
Genus	g__Limenecus	5			
Genus	g__RGIG464	5			
Genus	g__RGIG423	14			
Genus	g__RGIG1965	1			
Genus	g__RGIG426	22			
Genus	g__RGIG4576	12			
Genus	g__RGIG1927	18			
Genus	g__Bariatricus	1			
Genus	g__Bact-11	38			
Genus	g__Lawsonibacter	66			
Genus	g__Shuttleworthia	2			
Genus	g__RGIG4266	6			
Genus	g__QALA01	1			
Genus	g__UBA6448	9			
Genus	g__Gastranaerophilus	7			
Genus	g__Bact-19	2			
Genus	g__SIG565	59			
Genus	g__SIG291	2			
Genus	g__SIG292	3			
Genus	g__MGBC133411	3			
Genus	g__Sphingopyxis	1			
Genus	g__SIG293	2			
Genus	g__Enterousia	254			
Genus	g__UMGS1933	5			
Genus	g__SIG299	26			
Genus	g__UMGS1976	5			
Genus	g__UBA3792	12			
Genus	g__UMGS1663	1			
Genus	g__HGM13634	6			
Genus	g__UBA3402	3			
Genus	g__RGIG5579	57			
Genus	g__UMGS1668	39			
Genus	g__UMGS1312	13			
Genus	g__HGM13010	13			
Genus	g__Pedobacter	6			
Genus	g__UBA7488	17			
Genus	g__UBA7173	2			
Genus	g__UMGS1002	7			
Genus	g__Kandleria	1			
Genus	g__UMGS1045	1			
Genus	g__CAG-964	5			
Genus	g__RGIG6307	51			
Genus	g__Limivivens	3			
Genus	g__CAG-698	3			
Genus	g__CAG-302	4			
Genus	g__CAG-303	14			
Genus	g__Acinetobacter	13			
Genus	g__Bilophila	1			
Genus	g__CAG-307	2			
Genus	g__UBA710	2			
Genus	g__RGIG3925	24			
Genus	g__RUG14156	11			
Genus	g__RGIG3926	9			
Genus	g__Breznakia	6			
Genus	g__RGIG3612	1			
Genus	g__RUG14199	5			
Genus	g__UBA4716	6			
Genus	g__RGIG7300	23			
Genus	g__UBA4717	20			
Genus	g__Arcticibacter	1			
Genus	g__RGIG7384	10			
Genus	g__Scatocola	5			
Genus	g__Phil12	1			
Genus	g__Phascolarctobacterium_A	21			
Genus	g__RGIG7389	1			
Genus	g__Lelliottia	1			
Genus	g__UBA1254	6			
Genus	g__UBA1213	2			
Genus	g__RGIG3077	4			
Genus	g__TWA4	1			
Genus	g__UBA1257	1			
Genus	g__UBA1258	52			
Genus	g__UBA1217	3			
Genus	g__Microbacterium	4			
Genus	g__UBA1259	297			
Genus	g__UBA1219	2			
Genus	g__RUG11462	9			
Genus	g__RUG612	1			
Genus	g__Faecalibacterium	1			
Genus	g__RUG695	4			
Genus	g__CAG-1024	4			
Genus	g__CAG-267	21			
Genus	g__CAG-269	13			
Genus	g__RUG11194	19			
Genus	g__RUG658	3			
Genus	g__RUG343	1			
Genus	g__Limivicinus	71			
Genus	g__RUG306	1			
Genus	g__RUG11198	6			
Genus	g__HGM12713	221			
Genus	g__UBA9715	15			
Genus	g__Pelethomonas	8			
Genus	g__Scybalousia	6			
Genus	g__UBA2834	22			
Genus	g__SIG32	11			
Genus	g__Heteroruminococcus	2			
Genus	g__RGIG8386	1			
Genus	g__Alloprevotella	44			
Genus	g__UBA11524	39			
Genus	g__Scatovivens	26			
Genus	g__RGIG8306	3			
Genus	g__SIG77	8			
Genus	g__RGIG4074	2			
Genus	g__SIG78	23			
Genus	g__RGIG4034	6			
Genus	g__SIG79	9			
Genus	g__RGIG4076	8			
Genus	g__SIG640	5			
Genus	g__Paraprevotella	2			
Genus	g__RGIG10340	1			
Genus	g__RGIG4079	35			
Genus	g__SIG603	6			
Genus	g__SIG685	6			
Genus	g__SIG644	31			
Genus	g__UMGS902	24			
Genus	g__SIG371	2			
Genus	g__Prevotella	114			
Genus	g__CAJFPI01	1			
Genus	g__SIG332	12			
Genus	g__Aphodousia	3			
Genus	g__RUG13583	3			
Genus	g__SIG607	45			
Genus	g__Victivallis	4			
Genus	g__Nanosyncoccus	278			
Genus	g__UBA3830	2			
Genus	g__UMGS1781	4			
Genus	g__UMGS363	4			
Genus	g__RGIG5612	52			
Genus	g__QAMH01	2			
Genus	g__RGIG9341	1			
Genus	g__HGM10836	1			
Genus	g__UMGS1474	4			
Genus	g__UBA3291	3			
Genus	g__RGIG6463	3			
Genus	g__UBA3839	3			
Genus	g__UBA3210	5			
Genus	g__Clostridium_P	1			
Genus	g__Clostridium_Q	2			
Genus	g__Stercorousia	3			
Genus	g__Ornithomonoglobus_A	27			
Genus	g__UMGS1124	10			
Genus	g__RGIG6154	12			
Genus	g__RGIG6429	5			
Genus	g__RGIG9079	5			
Genus	g__Cellulosilyticum	4			
Genus	g__Ornithomonoglobus	33			
Genus	g__CAJOGH01	1			
Genus	g__RGIG7773	1			
Genus	g__RGIG3732	4			
Genus	g__UBA4292	2			
Genus	g__UBA1685	3			
Genus	g__RGIG7150	1			
Genus	g__UBA4293	9			
Genus	g__HGM11525	23			
Genus	g__RGIG7193	7			
Genus	g__Emergencia	11			
Genus	g__RGIG7111	1			
Genus	g__CADAEX01	5			
Genus	g__RGIG7114	46			
Genus	g__Succinivibrio	3			
Genus	g__Aphodoplasma	8			
Genus	g__RGIG3159	4			
Genus	g__UBA1066	6			
Genus	g__Homoserinimonas	1			
Genus	g__UBA5026	2			
Genus	g__UBA1067	90			
Genus	g__RUG420	14			
Genus	g__RUG191	8			
Genus	g__Galligastranaerophilus_A	1			
Genus	g__RUG12395	12			
Genus	g__RGIG8773	15			
Genus	g__RGIG4733	1			
Genus	g__Clostridium	5			
Genus	g__RGIG1893	4			
Genus	g__RGIG8775	37			
Genus	g__Avilachnospira	11			
Genus	g__RGIG1896	14			
Genus	g__UBA2918	2			
Genus	g__RGIG4465	1			
Genus	g__RGIG1899	1			
Genus	g__CAG-95	28			
Genus	g__Ligilactobacillus	1			
Genus	g__Bacillus_AD	5			
Genus	g__JAEDHM01	1			
Genus	g__SFEB01	3			
Genus	g__Limiplasma	22			
Genus	g__SIG450	11			
Genus	g__RGIG10190	2			
Genus	g__SIG452	16			
Genus	g__Succiniclasticum	1			
Genus	g__SIG495	3			
Genus	g__SIG454	12			
Genus	g__SIG455	25			
Genus	g__UMGS755	38			
Genus	g__Velocimicrobium	5			
Genus	g__HGM05398	2			
Genus	g__Ruminobacter	3			
Genus	g__SIG499	2			
Genus	g__UMGS1820	34			
Genus	g__Eubacterium_F	2			
Genus	g__	1241			
Genus	g__UMGS172	51			
Genus	g__UMGS1591	1			
Genus	g__Ventricola	13			
Genus	g__Eubacterium_G	8			
Genus	g__UMGS1865	154			
Genus	g__Firm-04	21			
Genus	g__Eubacterium_I	8			
Genus	g__Timburyella	1			
Genus	g__Bacillus_AZ	1			
Genus	g__RGIG9151	1			
Genus	g__Firm-07	87			
Genus	g__Eubacterium_M	2			
Genus	g__Firm-08	14			
Genus	g__Tidjanibacter	55			
Genus	g__UMGS1518	1			
Genus	g__RGIG9114	4			
Genus	g__UMGS1519	1			
Genus	g__Eubacterium_Q	4			
Genus	g__RGIG9115	36			
Genus	g__Eubacterium_R	10			
Genus	g__Eubacterium_S	1			
Genus	g__Peribacillus	4			
Genus	g__CAJGDV01	3			
Genus	g__CAG-582	6			
Genus	g__JAFTYO01	15			
Genus	g__UBA4951	7			
Genus	g__Coprenecus	13			
Genus	g__Merdimorpha	4			
Genus	g__Avigastranaerophilus	26			
Genus	g__UBA1762	5			
Genus	g__UBA4644	17			
Genus	g__E4-135	6			
Genus	g__G11	1			
Genus	g__UBA1764	5			
Genus	g__HGM11604	2			
Genus	g__UBA4372	54			
Genus	g__UBA1723	11			
Genus	g__RGIG3586	1			
Genus	g__UBA4647	1			
Genus	g__UBA1724	2			
Genus	g__UBA1765	5			
Genus	g__HGM11372	3			
Genus	g__RGIG7273	10			
Genus	g__RGIG3506	5			
Genus	g__UBA4334	34			
Genus	g__UBA1412	1			
Genus	g__UBA1729	6			
Genus	g__UBA1181	14			
Genus	g__UBA1183	6			
Genus	g__UBA1417	7			
Genus	g__RGIG7238	15			
Genus	g__Butyrivibrio_A	8			
Genus	g__RUG11977	27			
Genus	g__Caryophanon	1			
Genus	g__UBA1188	1			
Genus	g__RF16	164			
Genus	g__RUG12783	4			
Genus	g__UBA1189	76			
Genus	g__Frisingicoccus	2			
Genus	g__CAG-194	27			
Genus	g__Sodaliphilus	19			
Genus	g__CAAHEQ01	3			
Genus	g__CAG-196	47			
Genus	g__CAG-115	37			
Genus	g__Escherichia	1			
Genus	g__RGIG1931	1			
Genus	g__Solibacillus	23			
Genus	g__RGIG1932	1			
Genus	g__RGIG1934	3			
Genus	g__UBA11490	25			
Genus	g__UBA2450	1			
Genus	g__SVCP01	10			
Genus	g__UBA11452	4			
Genus	g__RGIG1666	8			
Genus	g__Holdemanella	1			
Genus	g__MGBC140090	1			
Genus	g__Ventrimonas	2			
Genus	g__NK4A136	28			
Genus	g__SIG530	1			
Genus	g__Gabonibacter	1			
Genus	g__SIG575	9			
Genus	g__12844	2			
Genus	g__SIG220	4			
Genus	g__Desulfovibrio	4			
Genus	g__SIG578	17			
Genus	g__SIG223	2			
Genus	g__CAZU01	49			
Genus	g__JAEEML01	2			
Genus	g__RUG13160	3			
Genus	g__MGBC162581	3			
Genus	g__RGIG5270	12			
Genus	g__UMGS1908	4			
Genus	g__UBA3766	51			
Genus	g__UMGS1322	40			
Genus	g__Enterocola	23			
Genus	g__RGIG6353	42			
Genus	g__UMGS1052	2			
Genus	g__UMGS1326	59			
Genus	g__RGIG2041	13			
Genus	g__RGIG2000	126			
Genus	g__UBA7185	18			
Genus	g__Mucinivorans	1			
Genus	g__Catenibacillus	1			
Genus	g__CAG-390	50			
Genus	g__CAG-353	1			
Genus	g__Oxalobacter	4			
Genus	g__SFDP01	20			
Genus	g__CAG-313	10			
Genus	g__RGIG7931	3			
Genus	g__Hornefia	2			
Genus	g__Scatacola_A	1			
Genus	g__CAJOLV01	5			
Genus	g__UBA5884	2			
Genus	g__ER4	8			
Genus	g__HGM11412	110			
Genus	g__UBA4181	1			
Genus	g__DTU089	209			
Genus	g__AM51-8	2			
Genus	g__RGIG3315	1			
Genus	g__RGIG7041	1			
Genus	g__HGM11416	15			
Genus	g__UBA1221	1			
Genus	g__Merdivicinus	1			
Genus	g__UBA5578	5			
Genus	g__RGIG3002	4			
Genus	g__UBA1265	3			
Genus	g__UBA1224	4			
Genus	g__CACZYB01	4			
Genus	g__UBA1267	8			
Genus	g__HGM04593	170			
Genus	g__RGIG7089	2			
Genus	g__JAEDJH01	1			
Genus	g__UBA1227	16			
Genus	g__CAG-272	53			
Genus	g__CAG-273	2			
Genus	g__RGIG3009	105			
Genus	g__NSJ-40	1			
Genus	g__RUG11788	9			
Genus	g__RGIG4930	1			
Genus	g__RUG12826	17			
Genus	g__RUG666	1			
Genus	g__RUG626	1			
Genus	g__CAG-238	5			
Genus	g__Instestinimonas_A	1			
Genus	g__Edaphocola	1			
Genus	g__UBA2882	10			
Genus	g__UBA2883	3			
Genus	g__Avelusimicrobium	20			
Genus	g__RUG12519	4			
Genus	g__RGIG1743	2			
Genus	g__ZC3RG03	4			
Genus	g__UBA2804	2			
Genus	g__SIG42	2			
Genus	g__Porcincola	8			
Genus	g__Spyradocola	4			
Genus	g__Anaeroplasma	12			
Genus	g__RGIG8002	2			
Genus	g__RGIG8399	2			
Genus	g__Oliverpabstia	4			
Genus	g__RGIG1476	3			
Genus	g__SIG693	12			
Genus	g__SIG694	2			
Genus	g__SIG653	16			
Genus	g__UMGS995	1			
Genus	g__SIG381	1			
Genus	g__SIG655	8			
Genus	g__SIG300	6			
Genus	g__SIG301	4			
Genus	g__Avoscillospira	39			
Genus	g__RGIG9934	4			
Genus	g__UMGS687	1			
Genus	g__SIG307	35			
Genus	g__Chlamydophila	1			
Genus	g__SFMI01	13			
Genus	g__Ureaplasma	1			
Genus	g__UBA7573	4			
Genus	g__UMGS1484	26			
Genus	g__Aphodocola	1			
Genus	g__RGIG2707	2			
Genus	g__Roseburia	15			
Genus	g__RGIG9041	24			
Genus	g__UBA3263	3			
Genus	g__RGIG2161	3			
Genus	g__UMGS1449	1			
Genus	g__Selenomonas_A	4			
Genus	g__RGIG2163	6			
Genus	g__Enterenecus	18			
Genus	g__RGIG2439	2			
Genus	g__RGIG6165	8			
Genus	g__CAG-433	1			
Genus	g__CAG-475	1			
Genus	g__RUG14515	1			
Genus	g__Akkermansia	146			
Genus	g__RUG14243	1			
Genus	g__COE1	19			
Genus	g__RGIG3701	5			
Genus	g__Sutterella	1			
Genus	g__Acetobacter	2			
Genus	g__RGIG3438	7			
Genus	g__Cryptobacteroides	551			
Genus	g__RUG740	3			
Genus	g__RUG11551	7			
Genus	g__RGIG982	5			
Genus	g__RUG11867	2			
Genus	g__CAG-1427	2			
Genus	g__JAAYNH01	3			
Genus	g__RUG11200	2			
Genus	g__RUG472	6			
Genus	g__RUG705	9			
Genus	g__RUG11241	2			
Genus	g__Anaerovibrio	2			
Genus	g__Faeciplasma	8			
Genus	g__RUG708	11			
Genus	g__RGIG8782	1			
Genus	g__RGIG8700	16			
Genus	g__RUG11247	7			
Genus	g__CAJLYO01	6			
Genus	g__UBA2922	4			
Genus	g__RGIG8785	3			
Genus	g__RGIG8745	8			
Genus	g__Scatosoma	366			
Genus	g__RGIG1864	2			
Genus	g__Ga6A1	2			
Genus	g__Choladousia	2			
Genus	g__QAMX01	4			
Genus	g__RGIG8748	60			
Genus	g__RGIG4708	1			
Genus	g__RGIG4709	1			
Genus	g__RGIG8709	9			
Genus	g__UBA6382	3			
Genus	g__RGIG1828	54			
Genus	g__Fimivivens	2			
Genus	g__Bacillus_BE	1			
Genus	g__UBA6345	10			
Genus	g__Longicatena	1			
Genus	g__Phocaeicola	78			
Genus	g__Aeromonas	1			
Genus	g__Butyrivibrio	7			
Genus	g__Avimonas	1			
Genus	g__SIG423	3			
Genus	g__SIG424	3			
Genus	g__CAJGCS01	10			
Genus	g__SIG427	3			
Genus	g__SIG469	1			
Genus	g__RUG13091	1			
Genus	g__Barnesiella_A	17			
Genus	g__RGIG5472	4			
Genus	g__HGM10611	14			
Genus	g__RGIG5474	12			
Genus	g__Firm-16	4			
Genus	g__RGIG5709	1			
Species	s__HGM04593 sp017408685	1			
Species	s__UBA4372 sp017461345	1			
Species	s__Faecousia sp017502265	1			
Species	s__UMGS1668 sp017435745	1			
Species	s__SIG495 sp015067795	1			
Species	s__SIG701 sp017466375	1			
Species	s__UBA1784 sp015061615	1			
Species	s__HGM04593 sp017522915	1			
Species	s__DTU089 sp017380615	1			
Species	s__Copromonas sp017380975	1			
Species	s__RGIG8050 sp018384735	1			
Species	s__Egerieisoma sp015069165	1			
Species	s__Ruminococcus sp017935095	1			
Species	s__UBA1189 sp017396545	1			
Species	s__Zag111 sp015152555	1			
Species	s__Nanosyncoccus sp017514025	1			
Species	s__DTU089 sp015066465	1			
Species	s__RGIG2000 sp017625935	1			
Species	s__Enterocloster sp001517625	1			
Species	s__Treponema_F sp017646305	1			
Species	s__Bulleidia sp902795905	1			
Species	s__HGM04593 sp015060835	1			
Species	s__RUG806 sp017435865	1			
Species	s__Faecousia sp017436955	1			
Species	s__CAG-194 sp017465095	1			
Species	s__UBA737 sp015066095	2			
Species	s__Saccharofermentans sp900107185	1			
Species	s__UBA4334 sp018064885	1			
Species	s__RGIG7213 sp017520505	1			
Species	s__SIG587 sp017463345	1			
Species	s__SIG589 sp017424125	1			
Species	s__UBA2862 sp902765305	1			
Species	s__HGM05376 sp017507285	1			
Species	s__UBA7477 sp017396665	1			
Species	s__UBA1217 sp017522065	1			
Species	s__HGM05376 sp017555745	1			
Species	s__Saccharofermentans sp017515465	1			
Species	s__Stercoripulliclostridium_A sp017504305	1			
Species	s__UBA1417 sp017623855	1			
Species	s__RUG410 sp017480745	1			
Species	s__Cryptobacteroides sp015060325	1			
Species	s__UBA4363 sp002393965	1			
Species	s__UBA9506 sp017629115	1			
Species	s__RGIG990 sp017424105	1			
Species	s__Akkermansia sp017409465	1			
Species	s__Alistipes sp017398045	1			
Species	s__Alistipes sp017546725	1			
Species	s__Enterousia sp900320405	1			
Species	s__UMGS1696 sp015063745	1			
Species	s__RUG11130 sp017481265	1			
Species	s__Akkermansia sp017546845	1			
Species	s__UBA737 sp017441045	1			
Species	s__UBA1067 sp017520845	1			
Species	s__Scatosoma sp015055865	1			
Species	s__RUG563 sp015056015	1			
Species	s__CAZU01 sp015062285	1			
Species	s__UBA1259 sp017399035	1			
Species	s__UBA1067 sp902800055	1			
Species	s__RUG420 sp900318715	1			
Species	s__UBA10281 sp017503885	1			
Species	s__UMGS1668 sp017436125	1			
Species	s__Merdousia sp017623955	1			
Species	s__Gallipaludibacter sp017647145	1			
Species	s__HUN007 sp015066745	1			
Species	s__UBA1179 sp017647575	1			
Species	s__RUG369 sp017466305	1			
Species	s__Acinetobacter sp019038395	1			
Species	s__Alistipes sp017391665	1			
Species	s__Limimorpha sp015061335	1			
Species	s__Prevotella sp017415455	1			
Species	s__Nanosyncoccus sp017431745	1			
Species	s__Spyradosoma sp015061905	1			
Species	s__SIG79 sp017503375	1			
Species	s__UBA6857 sp015066105	1			
Species	s__RGIG3925 sp015064785	1			
Species	s__HGM04593 sp017398805	1			
Species	s__UMGS1820 sp017436135	1			
Species	s__Limivicinus sp902778115	1			
Species	s__UBA940 sp017936385	1			
Species	s__Akkermansia sp904502165	1			
Species	s__Akkermansia sp017398355	1			
Species	s__Alistipes sp015059715	1			
Species	s__UBA1067 sp002449695	1			
Species	s__Phocaeicola_A sp017517605	1			
Species	s__Egerieousia sp900769385	1			
Species	s__UBA1740 sp017938205	1			
Species	s__Ruminiclostridium_E sp017624025	1			
Species	s__Cryptobacteroides sp017398335	1			
Species	s__UBA1784 sp017508555	1			
Species	s__Akkermansia sp017399165	1			
Species	s__SIG440 sp015068655	1			
Species	s__RF16 sp017451525	1			
Species	s__UBA737 sp017502965	1			
Species	s__Akkermansia sp002358905	1			
Species	s__Cryptobacteroides sp017465225	1			
Species	s__CAG-488 sp017415025	1			
Species	s__UBA1752 sp018065365	1			
Species	s__Cryptobacteroides sp017938925	2			
Species	s__Treponema_D sp017938365	1			
Species	s__Fimenecus sp017546665	1			
Species	s__SIG78 sp015061695	1			
Species	s__SFWF01 sp017521125	1			
Species	s__RF16 sp017503075	1			
Species	s__RGIG2000 sp017623975	1			
Species	s__UBA8612 sp017516485	1			
Species	s__51-20 sp017937705	1			
Species	s__HGM05376 sp900769785	1			
Species	s__Tidjanibacter sp017503805	1			
Species	s__Alistipes sp017437045	1			
Species	s__RUG420 sp904502175	1			
Species	s__Oxalobacter sp017524145	1			
Species	s__UBA1711 sp018066145	1			
Species	s__RGIG1476 sp017413255	1			
Species	s__HGM04593 sp017647725	1			
Species	s__CAG-488 sp017936645	1			
Species	s__Fimimonas sp017457305	1			
Species	s__RGIG426 sp017481085	1			
Species	s__RGIG2000 sp017623355	1			
Species	s__Scatosoma sp015071005	1			
Species	s__Flemingibacterium sp904501985	1			
Species	s__RGIG5270 sp017456285	1			
Species	s__RGIG464 sp017421975	1			
Species	s__RGIG1888 sp017414845	1			
Species	s__SIG575 sp015066175	1			
Species	s__Ruminococcus_E sp017416065	1			
Species	s__RUG14156 sp017402995	1			
Species	s__RGIG5270 sp017505415	1			
Species	s__Enterousia sp017630405	1			
Species	s__RGIG1988 sp017420825	1			
Species	s__HGM12619 sp017621705	1			
Species	s__Ruminiclostridium_E sp017408635	1			
Species	s__Ruminococcus sp015066925	1			
Species	s__UBA1784 sp015061775	1			
Species	s__Bulleidia sp017430925	1			
Species	s__RGIG3701 sp015062085	1			
Species	s__UBA737 sp017403065	1			
Species	s__Copromorpha sp017433375	1			
Species	s__UBA1711 sp016280915	1			
Species	s__SIG565 sp015066405	1			
Species	s__Cellulosilyticum sp017421915	1			
Species	s__UBA1259 sp015055945	1			
Species	s__SIG710 sp017461635	1			
Species	s__UMGS1883 sp015068735	1			
Species	s__HGM11412 sp017504795	1			
Species	s__UBA737 sp015066445	1			
Species	s__UBA3792 sp902792295	1			
Species	s__UBA3766 sp900313265	1			
Species	s__SIG435 sp015068975	1			
Species	s__DTU089 sp017436285	1			
Species	s__UBA737 sp017503305	1			
Species	s__Bulleidia sp000701725	1			
Species	s__UBA1181 sp900769555	1			
Species	s__CAG-177 sp017517665	1			
Species	s__UBA1740 sp017467165	1			
Species	s__UMGS1976 sp017381515	1			
Species	s__Tidjanibacter sp017935385	1			
Species	s__CAG-177 sp017410195	1			
Species	s__Fibrobacter sp900142495	1			
Species	s__UMGS1668 sp017468365	1			
Species	s__UMGS1387 sp017620655	1			
Species	s__Alistipes sp015060075	1			
Species	s__HGM04593 sp904501775	1			
Species	s__Cryptobacteroides sp900771005	1			
Species	s__Alistipes sp900768045	1			
Species	s__UBA1067 sp017648225	1			
Species	s__Prevotella sp900316685	1			
Species	s__Alistipes sp904502285	1			
Species	s__Acetatifactor sp015057005	1			
Species	s__Cryptobacteroides sp017556765	2			
Species	s__UBA4644 sp017620505	1			
Species	s__RGIG3925 sp017558715	1			
Species	s__UBA4372 sp017622815	1			
Species	s__Cryptobacteroides sp015060405	1			
Species	s__Fimenecus sp017399405	1			
Species	s__UMGS1696 sp017935805	1			
Species	s__Stercoripulliclostridium_A sp017533505	1			
Species	s__Alistipes sp017379015	1			
Species	s__Ruminobacter sp900315145	1			
Species	s__Kineothrix sp017532145	1			
Species	s__RF16 sp017457295	1			
Species	s__Coprenecus sp017501525	1			
Species	s__UBA4636 sp017399185	1			
Species	s__Enterousia sp015062495	1			
Species	s__RUG806 sp017440965	1			
Species	s__CAG-590 sp015057435	1			
Species	s__Alistipes sp017520545	1			
Species	s__SIG530 sp015067075	1			
Species	s__UBA5578 sp002425325	1			
Species	s__RGIG2041 sp017411585	1			
Species	s__Cryptobacteroides sp017442315	1			
Species	s__CAG-177 sp017473165	1			
Species	s__SIG32 sp015152455	1			
Species	s__RUG472 sp902765005	1			
Species	s__Cryptobacteroides sp017383945	1			
Species	s__UMGS1976 sp017383985	1			
Species	s__CAJGDV01 sp904502155	1			
Species	s__Holdemanella porci	1			
Species	s__SIG693 sp015063805	1			
Species	s__RGIG2161 sp017408535	1			
Species	s__CAG-791 sp002362155	1			
Species	s__Akkermansia sp900766865	1			
Species	s__UBA3789 sp017478105	1			
Species	s__Barnesiella_A sp017481745	1			
Species	s__RGIG3096 sp017435185	1			
Species	s__Alistipes sp017628595	1			
Species	s__RGIG8785 sp017620795	1			
Species	s__Treponema_F sp016294105	1			
Species	s__SIG371 sp015056045	1			
Species	s__SVCP01 sp015058295	1			
Species	s__CACZYB01 sp017938435	1			
Species	s__CADAEX01 sp902787125	1			
Species	s__Bacteroides fragilis	1			
Species	s__Alistipes sp015059875	1			
Species	s__UBA1786 sp018065565	1			
Species	s__UBA1784 sp017462015	1			
Species	s__Coprovivens sp015059245	1			
Species	s__Alistipes sp017391435	1			
Species	s__Akkermansia sp017558555	1			
Species	s__Egerieousia sp900769735	1			
Species	s__CAG-127 sp017517305	1			
Species	s__Phascolarctobacterium_A sp017623055	1			
Species	s__CAG-488 sp017625835	1			
Species	s__CAJGBR01 sp904501625	1			
Species	s__Scatosoma sp017452305	1			
Species	s__RUG099 sp902780815	1			
Species	s__RGIG7107 sp017405305	1			
Species	s__Prevotella sp905233165	1			
Species	s__UBA2804 sp900319705	1			
Species	s__UBA737 sp017439845	1			
Species	s__Enterocola sp017517845	1			
Species	s__Enterocola sp017391905	1			
Species	s__SIG77 sp017623265	1			
Species	s__RGIG3009 sp017436915	1			
Species	s__RGIG3994 sp017502915	1			
Species	s__QAKW01 sp017440465	1			
Species	s__Firm-04 sp015066805	1			
Species	s__UBA1784 sp017508015	1			
Species	s__Prevotella sp900314995	1			
Species	s__SFWF01 sp015066085	1			
Species	s__RF16 sp017559385	1			
Species	s__CAG-177 sp017623615	1			
Species	s__UBA10281 sp017504655	1			
Species	s__UBA1231 sp904502205	1			
Species	s__Saccharofermentans sp015069205	1			
Species	s__UBA1179 sp017556585	1			
Species	s__SIG644 sp017507985	1			
Species	s__UMGS1322 sp015069575	1			
Species	s__UBA7185 sp017387265	1			
Species	s__Mycoplasma_L sp904501665	1			
Species	s__Zag111 sp017536545	1			
Species	s__RGIG4079 sp017396945	1			
Species	s__RGIG6307 sp017516285	1			
Species	s__RGIG1828 sp017629325	1			
Species	s__CAG-177 sp017397105	1			
Species	s__UMGS1322 sp017502165	1			
Species	s__Ruminococcus sp017517145	1			
Species	s__Ruminococcus_E sp900315605	1			
Species	s__HGM04593 sp017647225	1			
Species	s__Enterousia sp018064365	1			
Species	s__SIG499 sp015067715	1			
Species	s__RGIG3925 sp017414385	1			
Species	s__UBA3054 sp017539325	1			
Species	s__Akkermansia sp017555205	1			
Species	s__Avigastranaerophilus sp905234915	1			
Species	s__UBA1259 sp015069265	1			
Species	s__Merdimorpha sp017537565	1			
Species	s__UBA1784 sp015061815	1			
Species	s__UBA1740 sp015063385	1			
Species	s__Akkermansia muciniphila	1			
Species	s__Enterococcus_B mundtii	1			
Species	s__Tidjanibacter sp017466345	1			
Species	s__CAG-552 sp017501145	1			
Species	s__SIG565 sp015066295	1			
Species	s__UBA6857 sp017435665	1			
Species	s__RGIG4576 sp017391675	1			
Species	s__UBA4372 sp902801325	1			
Species	s__UBA4372 sp017935785	1			
Species	s__Stercoripulliclostridium_A sp017403145	1			
Species	s__Ruminococcus sp017437285	1			
Species	s__CAG-448 sp904501865	1			
Species	s__RGIG4079 sp015060975	1			
Species	s__Duodenibacillus sp017628205	1			
Species	s__UMGS1279 sp017622415	1			
Species	s__Mailhella sp017411945	1			
Species	s__UMGS1279 sp017623575	1			
Species	s__Phocaeicola sp015060735	1			
Species	s__UBA1067 sp017508315	1			
Species	s__Faecousia sp017391305	1			
Species	s__UBA1067 sp902799955	1			
Species	s__HGM04593 sp017416705	1			
Species	s__Enterousia sp017425725	1			
Species	s__RGIG2000 sp017503285	1			
Species	s__Firm-16 sp016287245	1			
Species	s__Alistipes sp015060115	1			
Species	s__UBA4363 sp017937025	1			
Species	s__Akkermansia sp017390945	1			
Species	s__RGIG6374 sp017513445	1			
Species	s__UMGS1279 sp017397065	1			
Species	s__Alistipes sp017398555	1			
Species	s__Bacteroides thetaiotaomicron	1			
Species	s__Ruminococcus_E sp017410265	1			
Species	s__UBA1752 sp017501055	1			
Species	s__Fusicatenibacter saccharivorans	1			
Species	s__Treponema_D sp017622055	1			
Species	s__UBA11452 sp017646015	1			
Species	s__HGM12619 sp015067385	1			
Species	s__UBA737 sp017939855	1			
Species	s__SIG447 sp017442155	1			
Species	s__HGM12619 sp015067305	1			
Species	s__Cryptobacteroides sp015060255	1			
Species	s__Avelusimicrobium sp017546175	1			
Species	s__RGIG4140 sp017533325	1			
Species	s__Alloprevotella sp017383485	1			
Species	s__RGIG2000 sp017408585	1			
Species	s__Nanosyncoccus sp017404935	1			
Species	s__UBA1436 sp902761975	1			
Species	s__Akkermansia sp017379255	1			
Species	s__Avelusimicrobium sp017520185	1			
Species	s__UMGS1668 sp017521825	1			
Species	s__UBA7185 sp017399005	1			
Species	s__Scatosoma sp017462825	1			
Species	s__RGIG1913 sp017414705	1			
Species	s__Barnesiella_A sp017935645	1			
Species	s__RGIG1995 sp015065045	1			
Species	s__Egerieousia sp015060225	1			
Species	s__RUG695 sp017405595	1			
Species	s__CAG-267 sp904501925	1			
Species	s__RF16 sp018065205	1			
Species	s__Alloprevotella sp017628775	1			
Species	s__Alistipes sp900769745	1			
Species	s__Onthomonas sp902784305	1			
Species	s__SIG701 sp017468385	1			
Species	s__Alistipes sp017383345	1			
Species	s__Ruminococcus_E sp017421045	1			
Species	s__RUG191 sp900315945	1			
Species	s__Enterousia sp902771695	1			
Species	s__UBA5905 sp017423825	1			
Species	s__Alistipes sp017561105	1			
Species	s__Alistipes sp017646625	1			
Species	s__Limivicinus sp902778665	1			
Species	s__Akkermansia sp017937215	1			
Species	s__RGIG3135 sp017440565	1			
Species	s__UMGS1307 sp017436675	1			
Species	s__Prevotella sp900320045	1			
Species	s__RUG14156 sp015152565	1			
Species	s__Enterousia sp902790415	1			
Species	s__Alistipes sp015059955	1			
Species	s__Akkermansia sp017517805	1			
Species	s__HGM04593 sp900769465	1			
Species	s__Alistipes sp017425655	1			
Species	s__UBA737 sp900768035	1			
Species	s__RGIG8748 sp017621495	1			
Species	s__DTU089 sp017626295	1			
Species	s__UBA3839 sp002393575	1			
Species	s__UMGS1976 sp900769535	1			
Species	s__UBA1189 sp017520935	1			
Species	s__Pradoshia sp904501845	1			
Species	s__Faecousia sp017452605	1			
Species	s__Acetatifactor sp017473445	1			
Species	s__Alistipes sp015059685	1			
Species	s__RGIG1913 sp017481115	1			
Species	s__Limivicinus sp002450075	1			
Species	s__Bulleidia sp017514525	1			
Species	s__SIG598 sp015065975	1			
Species	s__Alistipes sp017465055	1			
Species	s__UBA1067 sp017628165	1			
Species	s__HGM04593 sp904502235	1			
Species	s__CAG-488 sp017935265	1			
Species	s__Akkermansia sp015062045	1			
Species	s__Akkermansia sp015062005	1			
Species	s__Coprenecus sp017630155	1			
Species	s__Slackia_A isoflavoniconvertens	1			
Species	s__RGIG982 sp017390595	1			
Species	s__Enterousia sp017935245	1			
Species	s__HGM12713 sp017623375	1			
Species	s__Clostridium_Q fessum	1			
Species	s__RGIG4131 sp015066785	1			
Species	s__UBA7488 sp017513365	1			
Species	s__Merdousia sp015061945	1			
Species	s__RGIG1681 sp017399515	1			
Species	s__UBA1189 sp017465905	1			
Species	s__CAG-485 sp017547845	1			
Species	s__RUG343 sp900317975	1			
Species	s__Alistipes sp017629985	1			
Species	s__Akkermansia sp017415995	1			
Species	s__UBA1784 sp017508135	1			
Species	s__UBA1240 sp001603145	1			
Species	s__UBA1436 sp900319885	1			
Species	s__CAG-196 sp017629215	1			
Species	s__51-20 sp017546885	1			
Species	s__Alistipes sp017647625	1			
Species	s__Alistipes sp017504485	1			
Species	s__SIG78 sp015061545	1			
Species	s__CAG-448 sp017503325	1			
Species	s__QAKW01 sp017436525	1			
Species	s__RGIG2000 sp017937135	1			
Species	s__UBA1259 sp017631725	1			
Species	s__Enterococcus_B hirae	1			
Species	s__CAG-127 sp017625335	1			
Species	s__UBA3766 sp017473905	1			
Species	s__Limimorpha sp001543395	1			
Species	s__RUG11797 sp015068345	1			
Species	s__Cryptobacteroides sp018066125	1			
Species	s__Phocaeicola sp017466635	1			
Species	s__UBA1740 sp017456895	1			
Species	s__Firm-04 sp017533485	1			
Species	s__RGIG1896 sp017560205	1			
Species	s__Ruminococcus_E sp017464765	1			
Species	s__HGM04593 sp017555585	1			
Species	s__SIG274 sp015057875	1			
Species	s__UBA1740 sp017936565	1			
Species	s__RGIG6452 sp017532825	1			
Species	s__Agathobacter sp015057085	1			
Species	s__Enterousia sp017505705	1			
Species	s__CAG-448 sp017408625	1			
Species	s__Enterousia sp017502865	1			
Species	s__CAG-303 sp015057425	1			
Species	s__Tidjanibacter sp017628305	1			
Species	s__Escherichia coli	1			
Species	s__Lawsonibacter sp017631545	1			
Species	s__Bact-11 sp018065895	1			
Species	s__Lelliottia sp000016325	1			
Species	s__Carnobacterium_A jeotgali	1			
Species	s__Enterousia sp902762295	2			
Species	s__Enterousia sp017546265	1			
Species	s__UBA1784 sp015061625	1			
Species	s__RGIG3009 sp017440005	1			
Species	s__Prevotella sp017424205	1			
Species	s__RUG11257 sp018064305	1			
Species	s__UBA1740 sp017501175	2			
Species	s__Lawsonibacter sp017624915	1			
Species	s__RGIG3013 sp017436815	1			
Species	s__UMGS1883 sp017505525	1			
Species	s__RUG440 sp902780305	1			
Species	s__Selenomonas_A ruminantium_B	1			
Species	s__Streptococcus equinus	1			
Species	s__HGM04593 sp015060885	1			
Species	s__RGIG4140 sp015062385	1			
Species	s__RUG12461 sp017431515	1			
Species	s__UBA1740 sp017397205	1			
Species	s__QALR01 sp017937845	1			
Species	s__RGIG1931 sp017414565	1			
Species	s__Selenomonas_A ruminantium_F	1			
Species	s__Barnesiella_A sp017532725	1			
Species	s__SIG710 sp017517035	1			
Species	s__UBA1762 sp017472965	1			
Species	s__UBA1711 sp017501495	1			
Species	s__Limiplasma sp017516765	1			
Species	s__UBA1081 sp017549665	1			
Species	s__RUG410 sp902763155	1			
Species	s__UBA11524 sp017936765	1			
Species	s__UBA4334 sp018064505	1			
Species	s__F23-D06 sp017633495	1			
Species	s__RGIG9079 sp017936285	1			
Species	s__Cryptobacteroides sp015060335	1			
Species	s__Selenomonas_A ruminantium_N	1			
Species	s__Nanosyncoccus sp017515925	1			
Species	s__Limivicinus sp002371675	1			
Species	s__Acetatifactor sp017620975	1			
Species	s__RGIG3102 sp018109965	1			
Species	s__CAG-177 sp017403185	1			
Species	s__Ruminococcus_E sp017407755	1			
Species	s__UBA8612 sp017410325	1			
Species	s__Egerieousia sp017556665	1			
Species	s__Nanosyncoccus sp017533605	1			
Species	s__NK4A136 sp002314855	1			
Species	s__UBA1740 sp017472305	1			
Species	s__Faecousia sp017436035	1			
Species	s__Enterousia sp017472065	1			
Species	s__UMGS1865 sp900769475	1			
Species	s__Phocaeicola sp017472925	1			
Species	s__UBA1765 sp002314675	1			
Species	s__RUG410 sp900313185	1			
Species	s__Enterousia sp017554665	1			
Species	s__HGM12713 sp017504995	1			
Species	s__Cryptobacteroides sp017560825	1			
Species	s__Ruminococcus sp017523285	1			
Species	s__SIG672 sp017532425	1			
Species	s__UMGS1109 sp017411715	1			
Species	s__Alistipes sp017631035	1			
Species	s__UBA710 sp017511585	1			
Species	s__RGIG2000 sp015064855	1			
Species	s__UBA3855 sp015066665	1			
Species	s__UBA1740 sp017410065	1			
Species	s__HGM11501 sp017536285	1			
Species	s__RF16 sp017628395	1			
Species	s__Alistipes sp017380275	1			
Species	s__UBA1752 sp017560145	1			
Species	s__Akkermansia sp017435365	1			
Species	s__RGIG7300 sp015065105	1			
Species	s__UMGS731 sp015064725	1			
Species	s__CAG-448 sp017414605	1			
Species	s__Enterousia sp017629245	1			
Species	s__Egerieousia sp017398125	1			
Species	s__SIG575 sp015065765	1			
Species	s__RGIG9099 sp017935905	1			
Species	s__Faecousia sp017381835	1			
Species	s__SIG450 sp015068665	1			
Species	s__Caccoplasma sp015061035	1			
Species	s__Dysosmobacter sp015068335	1			
Species	s__Treponema_F sp017629095	1			
Species	s__RUG12395 sp015064505	1			
Species	s__Cryptobacteroides sp017631175	1			
Species	s__Alistipes sp017536605	1			
Species	s__Limivicinus sp900317375	1			
Species	s__Enterousia sp002373935	1			
Species	s__Onthomorpha sp017647065	1			
Species	s__SIG77 sp015061915	1			
Species	s__Treponema_F sp017622135	1			
Species	s__UMGS1865 sp017507905	1			
Species	s__UBA737 sp017623315	1			
Species	s__UBA6857 sp017396515	1			
Species	s__RUG099 sp017404265	1			
Species	s__SIG694 sp015063795	1			
Species	s__Akkermansia sp017517385	1			
Species	s__CAG-448 sp017483125	1			
Species	s__Ruminococcus_E sp902790475	1			
Species	s__Phocaeicola_A sp017516265	1			
Species	s__SFMI01 sp017532155	1			
Species	s__UBA737 sp017549565	1			
Species	s__Alloprevotella sp018066245	1			
Species	s__SIG447 sp017436645	1			
Species	s__RUG806 sp015066205	1			
Species	s__SIG480 sp017409405	1			
Species	s__Faecousia sp017456105	1			
Species	s__UBA3766 sp017624855	1			
Species	s__HGM11416 sp017522945	1			
Species	s__Alistipes sp017403125	1			
Species	s__UBA636 sp017404205	1			
Species	s__UBA4334 sp017507385	1			
Species	s__SFLA01 sp017625615	1			
Species	s__JAEDHM01 sp016296985	1			
Species	s__UBA1740 sp017621755	1			
Species	s__UBA737 sp015065725	1			
Species	s__RGIG2000 sp017457545	1			
Species	s__RGIG1911 sp017414715	1			
Species	s__RGIG982 sp017442105	1			
Species	s__UBA1740 sp017462485	1			
Species	s__RGIG9114 sp018110785	1			
Species	s__UBA1181 sp017630395	1			
Species	s__Alistipes sp017555905	1			
Species	s__SIG636 sp017396825	1			
Species	s__HGM04593 sp017451695	1			
Species	s__UMGS1696 sp015065295	1			
Species	s__UBA1752 sp017561145	1			
Species	s__UMGS1668 sp015067125	1			
Species	s__SIG710 sp017397175	1			
Species	s__HGM04593 sp017938245	1			
Species	s__UMGS1883 sp017441965	1			
Species	s__Aphodosoma sp017467185	1			
Species	s__Phocaeicola_A sp017521285	1			
Species	s__HGM05376 sp017561155	1			
Species	s__CAG-238 sp017436705	1			
Species	s__RGIG3159 sp017440065	1			
Species	s__Ruminococcus_E sp900318495	1			
Species	s__RGIG2094 sp017409875	1			
Species	s__SIG701 sp015063645	1			
Species	s__UBA1217 sp017429685	1			
Species	s__UBA1752 sp017629175	1			
Species	s__UMGS1696 sp017547755	1			
Species	s__UBA1259 sp015069465	1			
Species	s__UBA1259 sp015069425	1			
Species	s__UBA1174 sp016281355	1			
Species	s__Ruminococcus sp015066935	1			
Species	s__UBA1740 sp017504405	1			
Species	s__Alistipes sp017630735	1			
Species	s__UBA1784 sp015061745	1			
Species	s__Alistipes sp017416915	1			
Species	s__Prevotella sp900315035	1			
Species	s__UBA4248 sp017629415	1			
Species	s__CAG-177 sp017435385	1			
Species	s__RGIG3925 sp017628075	1			
Species	s__RGIG9379 sp017632345	1			
Species	s__Acinetobacter pseudolwoffii	1			
Species	s__HGM04593 sp015060965	1			
Species	s__Acinetobacter bohemicus	1			
Species	s__Enterousia sp904502245	1			
Species	s__UBA1765 sp017625775	1			
Species	s__UBA7173 sp017536215	1			
Species	s__Fibrobacter sp900142465	1			
Species	s__UBA3792 sp902789675	1			
Species	s__Alistipes sp015060045	1			
Species	s__Alistipes sp900768015	1			
Species	s__Alistipes sp015060005	1			
Species	s__Cryptobacteroides sp017630215	1			
Species	s__RGIG2000 sp017481595	1			
Species	s__Cryptobacteroides sp015060455	1			
Species	s__RUG410 sp902796625	1			
Species	s__UBA1174 sp900556855	1			
Species	s__Acetatifactor sp017520425	1			
Species	s__SIG714 sp015063395	1			
Species	s__Fibrobacter sp900313675	1			
Species	s__UBA1731 sp017521065	1			
Species	s__Enterousia sp017403085	1			
Species	s__RUG12826 sp015055625	1			
Species	s__UBA737 sp017434895	1			
Species	s__Alistipes sp017938765	1			
Species	s__SFLA01 sp017399965	1			
Species	s__Alistipes sp017521945	1			
Species	s__UBA2922 sp905236515	1			
Species	s__RUG420 sp900771085	1			
Species	s__Treponema_D sp002373205	1			
Species	s__Cryptobacteroides sp018065985	1			
Species	s__Nanosyncoccus sp017404515	1			
Species	s__RGIG3701 sp017408405	1			
Species	s__SFLA01 sp017646185	1			
Species	s__Onthomorpha sp017632095	1			
Species	s__RF16 sp017384225	1			
Species	s__UBA8612 sp017625095	1			
Species	s__RGIG3513 sp017408985	1			
Species	s__UBA3855 sp017521325	1			
Species	s__Barnesiella_A sp017522135	1			
Species	s__UBA737 sp017416285	1			
Species	s__HGM12789 sp015066215	1			
Species	s__Ruminococcus sp017516465	1			
Species	s__HGM11416 sp015055965	1			
Species	s__Alistipes sp017399485	1			
Species	s__Tidjanibacter sp017936005	2			
Species	s__Alistipes sp015059845	1			
Species	s__Faecousia sp015067725	1			
Species	s__Alistipes sp015059805	1			
Species	s__UBA1755 sp018066045	1			
Species	s__RGIG4079 sp017399915	1			
Species	s__SIG455 sp015068565	1			
Species	s__Faecousia sp015067495	1			
Species	s__RGIG1932 sp017414505	1			
Species	s__Campylobacter sp017646085	1			
Species	s__RUG563 sp017517465	1			
Species	s__RGIG4079 sp904502025	1			
Species	s__UBA1203 sp017500825	1			
Species	s__Faecousia sp017936205	1			
Species	s__HGM04593 sp017557045	1			
Species	s__Alistipes sp017381935	1			
Species	s__CAZU01 sp017501665	1			
Species	s__RF16 sp018066175	1			
Species	s__Nanosyncoccus sp017652765	1			
Species	s__UBA5905 sp017435305	1			
Species	s__UBA940 sp015060105	1			
Species	s__UBA1189 sp017517925	1			
Species	s__Bulleidia sp900320455	1			
Species	s__GCA-900199385 sp017433405	1			
Species	s__UBA737 sp017439585	1			
Species	s__UMGS1279 sp017436225	1			
Species	s__CAG-390 sp017387685	1			
Species	s__Alistipes sp017632115	1			
Species	s__RUG410 sp017479785	1			
Species	s__Peribacillus psychrosaccharolyticus	1			
Species	s__Tidjanibacter sp017521965	1			
Species	s__Avispirillum sp017513325	1			
Species	s__RGIG4284 sp017464645	1			
Species	s__UBA1067 sp017418445	1			
Species	s__RGIG4576 sp015061055	1			
Species	s__RUG11194 sp018064845	1			
Species	s__Butyrivibrio proteoclasticus_B	1			
Species	s__Enterousia sp905234465	1			
Species	s__UBA1757 sp017380635	1			
Species	s__Nanosyncoccus sp017652105	1			
Species	s__Prevotella sp900314655	1			
Species	s__SIG575 sp017935325	1			
Species	s__Alistipes sp017408825	1			
Species	s__Ornithomonoglobus sp017415105	1			
Species	s__Fimenecus sp017624735	1			
Species	s__Faecalimonas sp017410145	1			
Species	s__Prevotella sp900315775	1			
Species	s__RGIG5299 sp017504945	1			
Species	s__Enterousia sp017471805	1			
Species	s__HGM12713 sp015065365	1			
Species	s__RUG12461 sp902779355	1			
Species	s__UBA1711 sp900314925	1			
Species	s__Faecousia sp015068495	1			
Species	s__RGIG3102 sp017400025	1			
Species	s__RGIG1681 sp017507215	1			
Species	s__Ruminiclostridium_E sp015067025	1			
Species	s__Coprenecus sp017546125	1			
Species	s__UMGS1491 sp017414725	1			
Species	s__HGM04593 sp017536325	1			
Species	s__SIG607 sp017474125	1			
Species	s__UBA1784 sp015061865	1			
Species	s__UBA1740 sp015064745	1			
Species	s__UBA1711 sp002373995	1			
Species	s__SIG672 sp015064255	1			
Species	s__DTU089 sp017631355	1			
Species	s__UBA7173 sp017629835	1			
Species	s__51-20 sp017465405	1			
Species	s__Allisonella histaminiformans	1			
Species	s__UBA738 sp018065965	1			
Species	s__Limiplasma sp015056145	1			
Species	s__Flavobacterium macacae	1			
Species	s__RGIG8367 sp904502045	1			
Species	s__UBA3766 sp015056945	1			
Species	s__UBA1259 sp015055725	1			
Species	s__UBA5905 sp015066065	1			
Species	s__Akkermansia sp904501955	1			
Species	s__Akkermansia sp904501915	1			
Species	s__RUG420 sp017433225	1			
Species	s__UBA1737 sp017937305	1			
Species	s__CAG-177 sp017502085	1			
Species	s__Phocaeicola sp015060705	1			
Species	s__RF16 sp017394705	1			
Species	s__Limivicinus sp017398685	1			
Species	s__Enterousia sp904502095	1			
Species	s__DTU089 sp015066325	1			
Species	s__Alistipes sp015060165	1			
Species	s__RGIG4079 sp017505535	1			
Species	s__Alistipes sp017501025	1			
Species	s__Avispirillum sp015063955	1			
Species	s__UBA7867 sp017622115	1			
Species	s__CAG-127 sp017463225	1			
Species	s__UBA1254 sp902767055	1			
Species	s__Rhodococcus sp012844225	1			
Species	s__HGM05376 sp017522255	1			
Species	s__UBA1259 sp017414525	1			
Species	s__RGIG5472 sp017501355	1			
Species	s__RGIG4140 sp017555325	1			
Species	s__UMGS1668 sp018110905	1			
Species	s__Cryptobacteroides sp017626355	1			
Species	s__Alistipes sp017937765	1			
Species	s__Enterousia sp017451625	1			
Species	s__Alistipes sp017934845	1			
Species	s__SIG483 sp015068035	1			
Species	s__Treponema_D sp002373325	1			
Species	s__RGIG1995 sp017395725	1			
Species	s__Ligilactobacillus ruminis	1			
Species	s__Limimorpha sp018064605	1			
Species	s__UBA10677 sp017623435	1			
Species	s__Scatosoma sp017625565	1			
Species	s__Bacteroides sp017630035	1			
Species	s__Enterousia sp015062545	1			
Species	s__RGIG4079 sp017390185	1			
Species	s__Alistipes sp017631275	1			
Species	s__Paraprevotella sp017630975	1			
Species	s__UBA3855 sp015066865	1			
Species	s__Alistipes sp017624955	1			
Species	s__UBA1067 sp017631385	1			
Species	s__UBA4717 sp017411885	1			
Species	s__RUG695 sp902766935	1			
Species	s__Catenibacterium sp000437715	1			
Species	s__Ruminococcus_E sp017473555	1			
Species	s__Alistipes sp900769445	1			
Species	s__UBA1756 sp017506175	1			
Species	s__HGM13010 sp017415945	1			
Species	s__Alistipes sp900769405	1			
Species	s__UBA6345 sp017503005	1			
Species	s__Alistipes sp017532885	1			
Species	s__RGIG3102 sp017442085	1			
Species	s__Prevotella sp905236755	1			
Species	s__Alistipes sp017502025	2			
Species	s__Alistipes sp017465605	1			
Species	s__Bulleidia sp015058875	1			
Species	s__UMGS1484 sp017474205	1			
Species	s__Alistipes sp015059965	1			
Species	s__Alistipes sp015059925	1			
Species	s__HGM04593 sp017646665	1			
Species	s__Parabacteroides sp017560165	1			
Species	s__UBA6857 sp015066045	1			
Species	s__RGIG3513 sp017408485	1			
Species	s__UBA11512 sp017465885	1			
Species	s__Alistipes sp017621455	1			
Species	s__UBA1752 sp015065165	1			
Species	s__JAEDJH01 sp016296415	1			
Species	s__CAZU01 sp017452885	1			
Species	s__Onthomorpha sp002358855	1			
Species	s__Ruminiclostridium_E sp017465545	1			
Species	s__Firm-07 sp017462615	1			
Species	s__UBA1259 sp904501795	1			
Species	s__Enterocola sp017387515	1			
Species	s__Cryptobacteroides sp017502125	1			
Species	s__CAG-485 sp015061085	1			
Species	s__RGIG3102 sp017436575	1			
Species	s__Akkermansia sp015062055	1			
Species	s__Treponema_D bryantii_D	1			
Species	s__Akkermansia sp015062015	1			
Species	s__Tidjanibacter sp017390585	1			
Species	s__Flexilinea sp902791025	1			
Species	s__CAG-877 sp017416535	1			
Species	s__Prevotella sp017423565	1			
Species	s__Akkermansia sp017477935	1			
Species	s__Firm-07 sp017396225	1			
Species	s__UBA940 sp017464745	1			
Species	s__Merdousia sp015061955	1			
Species	s__UBA2868 sp017432845	1			
Species	s__Limivicinus sp902802045	1			
Species	s__Ruminiclostridium_E sp017942025	1			
Species	s__Caccovivens sp017621525	1			
Species	s__CAJGCS01 sp904501965	1			
Species	s__Treponema_F sp017623685	1			
Species	s__GCA-900199385 sp017404985	1			
Species	s__Akkermansia sp017521405	1			
Species	s__UBA6857 sp017522205	1			
Species	s__UBA1217 sp002371315	1			
Species	s__SIG200 sp017441065	1			
Species	s__HGM04593 sp017647975	1			
Species	s__SIG79 sp017456495	1			
Species	s__UBA11512 sp017935195	1			
Species	s__HGM04593 sp017555865	1			
Species	s__Paratractidigestivibacter faecalis	1			
Species	s__SIG79 sp015061845	1			
Species	s__UBA4717 sp015064205	1			
Species	s__UBA1254 sp017963715	1			
Species	s__UBA1259 sp017502525	1			
Species	s__UBA1711 sp017522105	1			
Species	s__RUG369 sp017937485	1			
Species	s__Spyradenecus sp017558005	1			
Species	s__UMGS1279 sp017382915	1			
Species	s__Tidjanibacter sp015059945	1			
Species	s__SIG480 sp017532355	1			
Species	s__Akkermansia sp017555025	1			
Species	s__SIG440 sp017546165	1			
Species	s__Bulleidia sp003446295	1			
Species	s__QAMX01 sp015067825	1			
Species	s__UBA11475 sp017646555	1			
Species	s__UBA1189 sp017555875	1			
Species	s__CAG-267 sp015062535	1			
Species	s__Alistipes sp017505725	1			
Species	s__Alistipes sp017474235	1			
Species	s__Ornithospirochaeta sp017629575	1			
Species	s__RGIG1828 sp015068985	1			
Species	s__RF16 sp017556705	1			
Species	s__UBA1259 sp015055805	1			
Species	s__RUG521 sp017431405	1			
Species	s__UBA1752 sp017563195	1			
Species	s__UBA1786 sp900771425	1			
Species	s__AM51-8 sp017634455	1			
Species	s__Pseudobutyrivibrio ruminis_A	1			
Species	s__Ruminococcus_E sp017395925	1			
Species	s__Coprenecus sp017504965	1			
Species	s__HGM04593 sp017516885	1			
Species	s__RGIG7114 sp017558545	1			
Species	s__UBA4363 sp017446585	1			
Species	s__DTU089 sp017550105	1			
Species	s__Faecousia sp017473455	1			
Species	s__Alistipes sp017531305	1			
Species	s__Sodaliphilus sp902762385	1			
Species	s__Alistipes sp017937805	1			
Species	s__UBA1189 sp015060865	1			
Species	s__UBA4372 sp017466325	1			
Species	s__UBA9786 sp902785705	1			
Species	s__RGIG4729 sp017481035	1			
Species	s__RGIG8523 sp017625675	1			
Species	s__UBA4372 sp002395775	1			
Species	s__Enterousia sp017436325	2			
Species	s__HGM04593 sp017467015	1			
Species	s__Prevotella sp002353585	1			
Species	s__Sodaliphilus sp900319525	1			
Species	s__RUG410 sp900313155	1			
Species	s__Firm-16 sp902794115	1			
Species	s__HGM04593 sp017442185	1			
Species	s__Akkermansia sp015061985	1			
Species	s__UBA11524 sp017397765	1			
Species	s__CAG-791 sp017449745	1			
Species	s__Phocaeicola_A sp017416805	1			
Species	s__Alloprevotella sp017628555	1			
Species	s__Alistipes sp017380515	1			
Species	s__Alistipes sp900769525	1			
Species	s__UMGS1668 sp017399765	1			
Species	s__Alistipes sp017503575	1			
Species	s__RGIG6353 sp015064635	1			
Species	s__HGM05376 sp017560705	1			
Species	s__UBA737 sp017437005	1			
Species	s__Firm-04 sp016296505	1			
Species	s__RGIG1995 sp017473865	1			
Species	s__Fimenecus sp904501895	1			
Species	s__UBA737 sp017622555	1			
Species	s__Cryptobacteroides sp017506825	1			
Species	s__UBA1179 sp900318995	1			
Species	s__Cryptobacteroides sp017549145	1			
Species	s__RGIG1896 sp017473335	1			
Species	s__UBA1259 sp900771345	1			
Species	s__CAG-448 sp015065285	1			
Species	s__Limimorpha sp015061315	1			
Species	s__Limivicinus sp017444665	1			
Species	s__RGIG426 sp017414965	1			
Species	s__UBA1081 sp017549285	1			
Species	s__UBA1067 sp904502135	1			
Species	s__V9D3004 sp015057375	1			
Species	s__Spyradenecus sp017531445	1			
Species	s__Alistipes sp015059735	1			
Species	s__CAG-95 sp017411305	1			
Species	s__UBA8612 sp017416765	1			
Species	s__UBA1067 sp017403825	1			
Species	s__RGIG5612 sp017652745	1			
Species	s__Coprenecus sp900769885	1			
Species	s__Alistipes sp900770585	2			
Species	s__SIG598 sp015065795	1			
Species	s__SIG291 sp015057605	1			
Species	s__UBA1723 sp002371265	1			
Species	s__Scatosoma sp017504065	1			
Species	s__Clostridium_P perfringens	1			
Species	s__Cryptobacteroides sp017461285	1			
Species	s__UBA4372 sp018064685	1			
Species	s__Ga6A1 sp900102385	1			
Species	s__Enterousia sp017936185	1			
Species	s__UBA1740 sp017503105	1			
Species	s__Nanosyncoccus sp002363125	1			
Species	s__Paraprevotella sp017937925	1			
Species	s__RGIG3009 sp017503785	1			
Species	s__UBA7185 sp017383785	1			
Species	s__Caccoplasma sp017521245	1			
Species	s__UBA1740 sp017621415	1			
Species	s__Nanosyncoccus sp017512045	1			
Species	s__SIG79 sp017456805	1			
Species	s__RUG11788 sp017436345	1			
Species	s__Tidjanibacter sp017631375	1			
Species	s__UBA11524 sp017513475	1			
Species	s__Pradoshia sp001685035	1			
Species	s__UMGS1696 sp017398585	1			
Species	s__Alistipes sp017504265	1			
Species	s__UBA5489 sp017408305	1			
Species	s__UBA737 sp017624675	2			
Species	s__Firm-07 sp017508425	1			
Species	s__Saccharofermentans sp016292215	1			
Species	s__Faecousia sp017630495	1			
Species	s__UBA1740 sp017456985	1			
Species	s__Cryptobacteroides sp017415715	1			
Species	s__HGM05376 sp017646685	1			
Species	s__RUG563 sp017395685	1			
Species	s__Alistipes sp017629145	1			
Species	s__UBA1731 sp015061765	1			
Species	s__Saccharofermentans sp902801755	1			
Species	s__Limimorpha sp017395365	1			
Species	s__RUG521 sp017405675	1			
Species	s__Enterococcus_B faecium	1			
Species	s__UBA4372 sp902778625	1			
Species	s__Cryptobacteroides sp017437125	1			
Species	s__UBA2834 sp017418275	1			
Species	s__Enterousia sp017520675	1			
Species	s__Faecousia sp015068305	1			
Species	s__CAG-177 sp015065965	1			
Species	s__Scatosoma sp017623605	1			
Species	s__Nanosyncoccus sp017510705	1			
Species	s__Treponema_D sp900767955	1			
Species	s__SIG603 sp017935165	1			
Species	s__UBA4372 sp900770805	1			
Species	s__UBA1179 sp018065615	1			
Species	s__UBA1740 sp017463765	1			
Species	s__Copromorpha sp017416795	1			
Species	s__UBA1740 sp017556685	1			
Species	s__RUG440 sp017652285	1			
Species	s__Enterousia sp017546085	1			
Species	s__Akkermansia sp017504805	1			
Species	s__UMGS172 sp904501685	1			
Species	s__HGM04593 sp017522785	1			
Species	s__UBA3263 sp015061005	1			
Species	s__Limiplasma sp017937655	1			
Species	s__UBA5905 sp017440755	1			
Species	s__SFWF01 sp017936045	1			
Species	s__CAG-877 sp016293205	1			
Species	s__Barnesiella_A sp904502265	1			
Species	s__CAG-390 sp017415485	1			
Species	s__RGIG3077 sp017435565	1			
Species	s__SIG220 sp015059105	1			
Species	s__UBA1711 sp018064245	1			
Species	s__UBA4293 sp018065125	1			
Species	s__SFWF01 sp017630985	1			
Species	s__RGIG8709 sp017626595	1			
Species	s__UBA1723 sp002392915	1			
Species	s__Alistipes sp015060015	1			
Species	s__Ruminococcus_E sp900316815	1			
Species	s__CAG-177 sp017938985	1			
Species	s__SFWF01 sp017623235	1			
Species	s__Alistipes sp017517705	1			
Species	s__Eubacterium_G sp017406925	1			
Species	s__Alistipes sp017421945	1			
Species	s__Faecalimonas sp017416155	1			
Species	s__UBA1752 sp017397605	1			
Species	s__Cryptobacteroides sp017626555	1			
Species	s__UBA6857 sp017425745	1			
Species	s__CAG-448 sp015064015	1			
Species	s__RGIG2000 sp017466455	1			
Species	s__UBA1259 sp017621955	1			
Species	s__RGIG423 sp017437205	1			
Species	s__SIG693 sp017466495	1			
Species	s__HGM12713 sp015063335	1			
Species	s__UBA1227 sp018064455	1			
Species	s__UBA11524 sp015056085	1			
Species	s__UBA8612 sp017521365	1			
Species	s__Ruminococcus_E sp017465505	1			
Species	s__RGIG8700 sp017622395	1			
Species	s__Mailhella sp017408905	1			
Species	s__SIG607 sp015065605	1			
Species	s__Enterocola sp017508305	1			
Species	s__Prevotella sp002353975	1			
Species	s__CAG-632 sp017461045	1			
Species	s__Pseudobutyrivibrio ruminis	1			
Species	s__RGIG1666 sp017399695	1			
Species	s__CAG-83 sp017415775	1			
Species	s__Tidjanibacter sp017396085	1			
Species	s__SIG440 sp017503225	1			
Species	s__Parabacteroides distasonis_B	1			
Species	s__UBA5905 sp904501705	1			
Species	s__UBA1189 sp017622495	1			
Species	s__Egerieisoma sp017622825	1			
Species	s__CAZU01 sp015062305	1			
Species	s__Limimorpha sp017630195	1			
Species	s__Bact-19 sp902776565	1			
Species	s__Scatosoma sp015055615	1			
Species	s__Saccharofermentans sp902776845	1			
Species	s__UBA4636 sp017507595	1			
Species	s__RUG12395 sp017382555	1			
Species	s__Arthrobacter_B sp002929435	1			
Species	s__RGIG9934 sp017646325	1			
Species	s__Alistipes sp017436185	1			
Species	s__Akkermansia sp017398765	1			
Species	s__Eubacterium_I sp015057865	1			
Species	s__UBA1715 sp002317135	1			
Species	s__RUG191 sp905234245	1			
Species	s__RF16 sp017480285	1			
Species	s__Paenibacillus sp001955855	1			
Species	s__RGIG4140 sp017467335	1			
Species	s__UBA1731 sp017936245	1			
Species	s__Cryptobacteroides sp017399865	1			
Species	s__Alistipes sp017391185	1			
Species	s__Limimorpha sp018065885	1			
Species	s__UBA2922 sp904501855	1			
Species	s__Avispirillum sp017416205	1			
Species	s__SIG622 sp017560085	1			
Species	s__Egerieousia sp018065035	1			
Species	s__Enterousia sp902802115	1			
Species	s__Treponema_D sp002309195	1			
Species	s__HGM12713 sp015064065	1			
Species	s__RGIG9608 sp017652785	1			
Species	s__UBA1067 sp017628025	1			
Species	s__RF16 sp017507715	1			
Species	s__Pediococcus pentosaceus	1			
Species	s__Homoserinimonas hongtaonis	1			
Species	s__UBA4293 sp002395835	1			
Species	s__UBA1784 sp017508385	1			
Species	s__Treponema_F sp017936345	1			
Species	s__CAG-194 sp017623815	1			
Species	s__HGM12619 sp904502105	1			
Species	s__Butyrivibrio fibrisolvens_C	1			
Species	s__SIG653 sp015064625	1			
Species	s__RGIG7378 sp017501105	1			
Species	s__UMGS1387 sp015064895	1			
Species	s__CAG-267 sp017465945	1			
Species	s__RGIG4608 sp017628875	1			
Species	s__HGM04593 sp017547585	1			
Species	s__Prevotella sp900107705	1			
Species	s__Bact-11 sp018064445	1			
Species	s__UMGS755 sp015068855	1			
Species	s__CAG-127 sp017625815	1			
Species	s__RUG306 sp902772635	1			
Species	s__Sphingobacterium bovisgrunnientis	1			
Species	s__RUG099 sp900315485	1			
Species	s__UBA1066 sp902776305	1			
Species	s__Prevotella sp015060535	1			
Species	s__RUG572 sp017563185	1			
Species	s__UBA1067 sp017507065	1			
Species	s__UBA636 sp017515475	1			
Species	s__UBA1752 sp017466805	1			
Species	s__Prevotella sp900318625	1			
Species	s__Succinivibrio sp900316175	1			
Species	s__RGIG5327 sp017629515	1			
Species	s__RGIG7213 sp017556845	1			
Species	s__RUG369 sp017937685	2			
Species	s__UBA4345 sp018064855	1			
Species	s__RGIG4097 sp017500745	1			
Species	s__COE1 sp017436865	1			
Species	s__UBA1436 sp015062115	1			
Species	s__Firm-07 sp015064185	1			
Species	s__UBA1723 sp902782665	1			
Species	s__UBA1181 sp015061185	1			
Species	s__UBA1259 sp900769565	1			
Species	s__CAG-115 sp015067375	1			
Species	s__Nanosyncoccus sp017432225	1			
Species	s__Enterousia sp017450905	1			
Species	s__UBA1067 sp002351765	1			
Species	s__CAG-83 sp017937195	1			
Species	s__Akkermansia sp017471985	1			
Species	s__UBA1784 sp015061525	1			
Species	s__Alistipes sp017630245	1			
Species	s__Firm-07 sp017502975	1			
Species	s__RGIG2134 sp017409065	1			
Species	s__Cryptobacteroides sp017471965	1			
Species	s__UBA1711 sp900771365	1			
Species	s__Phocaeicola sp017416735	1			
Species	s__Bacteroides massiliensis_B	1			
Species	s__Bacteroides massiliensis_C	1			
Species	s__Firm-04 sp016291435	1			
Species	s__Acinetobacter equi	1			
Species	s__UBA1715 sp017516865	1			
Species	s__RF16 sp015061165	1			
Species	s__UMGS755 sp017507525	1			
Species	s__Cryptobacteroides sp017474265	1			
Species	s__RGIG995 sp017623475	1			
Species	s__RGIG4140 sp017647405	1			
Species	s__UBA1715 sp017642535	1			
Species	s__Prevotella sp017410365	1			
Species	s__HGM05398 sp900767385	1			
Species	s__RGIG1476 sp017632945	1			
Species	s__CAG-127 sp015057555	1			
Species	s__Alistipes sp904502075	1			
Species	s__UBA1738 sp015068545	1			
Species	s__Pseudobutyrivibrio sp017471675	1			
Species	s__RGIG1893 sp017397075	1			
Species	s__RUG099 sp017433945	1			
Species	s__Nanosyncoccus sp017404955	1			
Species	s__UMGS1279 sp015065925	1			
Species	s__Enterousia sp017503725	1			
Species	s__Faecousia sp017621795	1			
Species	s__CAG-115 sp017465665	1			
Species	s__Egerieousia sp015060245	1			
Species	s__SFWF01 sp900769775	1			
Species	s__Ruminococcus_E sp017521925	1			
Species	s__Flemingibacterium sp017407885	1			
Species	s__Alistipes sp017631285	1			
Species	s__Clostridium butyricum_B	1			
Species	s__SIG424 sp017517275	1			
Species	s__UMGS1696 sp017415325	1			
Species	s__UBA1740 sp015065175	1			
Species	s__Scatosoma sp017536305	1			
Species	s__Akkermansia sp017546445	1			
Species	s__Avelusimicrobium sp017468055	1			
Species	s__UBA6857 sp017436375	1			
Species	s__HGM04593 sp017631585	1			
Species	s__HGM04593 sp017383665	1			
Species	s__RUG806 sp017517135	1			
Species	s__Prevotella sp002372235	1			
Species	s__UBA4248 sp017464085	1			
Species	s__UBA1259 sp017456945	1			
Species	s__UBA737 sp017516965	1			
Species	s__HGM12713 sp017504545	1			
Species	s__SIG636 sp017521025	1			
Species	s__Nanosyncoccus sp017545485	1			
Species	s__Desulfovibrio sp017415765	1			
Species	s__Negativibacillus sp017439985	1			
Species	s__RGIG2000 sp015064445	1			
Species	s__UBA1259 sp017501885	1			
Species	s__SIG450 sp015068525	1			
Species	s__RGIG1918 sp017396695	1			
Species	s__Cryptobacteroides sp017561265	1			
Species	s__Sutterella wadsworthensis_A	1			
Species	s__Enterousia sp902793005	1			
Species	s__UBA6857 sp015066015	1			
Species	s__UBA3766 sp015057025	1			
Species	s__Cryptobacteroides sp017399905	1			
Species	s__Faecousia sp015067545	1			
Species	s__UBA1740 sp017938425	1			
Species	s__SIG587 sp015065935	1			
Species	s__Succinivibrio dextrinosolvens	1			
Species	s__Aeromonas salmonicida	1			
Species	s__CAG-1000 sp017473105	1			
Species	s__RUG806 sp017396895	1			
Species	s__HGM04593 sp017407905	1			
Species	s__RGIG426 sp017410585	1			
Species	s__RGIG4131 sp017828955	1			
Species	s__UBA737 sp017442225	1			
Species	s__RGIG4576 sp904501735	1			
Species	s__Chlamydophila pecorum	1			
Species	s__UBA10281 sp017396365	1			
Species	s__	17461			
Species	s__CAG-590 sp017439675	1			
Species	s__Ruminococcus_E sp017456845	1			
Species	s__Cryptobacteroides sp900320965	1			
Species	s__Egerieousia sp017625535	1			
Species	s__Acetatifactor sp015056885	1			
Species	s__Enterocola sp017646225	1			
Species	s__Enterocola sp904502115	1			
Species	s__RUG14300 sp017463565	1			
Species	s__Scatosoma sp017467265	1			
Species	s__RGIG990 sp017481725	1			
Species	s__Oxalobacter formigenes_B	1			
Species	s__Alistipes sp017555805	1			
Species	s__Acinetobacter sp009707625	1			
Species	s__Alistipes sp017507075	1			
Species	s__HGM04593 sp017503645	1			
Species	s__Alistipes sp017629615	1			
Species	s__UMGS1484 sp017439545	1			
Species	s__Akkermansia sp017521145	1			
Species	s__RGIG1828 sp017437345	1			
Species	s__RGIG7114 sp015068425	1			
Species	s__CAG-303 sp017412055	1			
Species	s__HGM04593 sp017536765	1			
Species	s__UBA1067 sp017629455	1			
Species	s__Alistipes sp017647025	1			
Species	s__Tidjanibacter sp017628675	1			
Species	s__Alistipes sp017629035	1			
Species	s__SIG307 sp017463035	1			
Species	s__SIG450 sp017554615	1			
Species	s__UMGS1326 sp017625185	1			
Species	s__Avelusimicrobium sp017501565	1			
Species	s__SIG452 sp017468465	1			
Species	s__CAG-791 sp900320335	1			
Species	s__UBA6345 sp017409005	1			
Species	s__SIG483 sp017522015	1			
Species	s__Faecousia sp015068235	1			
Species	s__RGIG6307 sp017521985	1			
Species	s__Ruminococcus sp015066875	1			
Species	s__HGM04593 sp900770655	2			
Species	s__UBA1784 sp015061685	1			
Species	s__Psychrobacillus psychrotolerans	1			
Species	s__CAZU01 sp902763535	1			
Species	s__UBA1784 sp015061605	1			
Species	s__UBA1784 sp017457065	1			
Species	s__UBA1752 sp017434845	1			
Species	s__Alistipes sp017379895	1			
Species	s__RGIG9608 sp017547145	1			
Species	s__RUG472 sp902802805	1			
Species	s__Nanosyncoccus sp002350545	1			
Species	s__RUG563 sp017437265	1			
Species	s__Alloprevotella sp017461605	1			
Species	s__RGIG4034 sp017463255	1			
Species	s__RGIG995 sp017623595	1			
Species	s__HGM04593 sp017936265	1			
Species	s__Alistipes sp017398695	1			
Species	s__UBA737 sp015066005	1			
Species	s__Limivicinus sp900319275	1			
Species	s__Enterousia sp017443235	1			
Species	s__UBA1752 sp017516825	1			
Species	s__SIG693 sp017407835	1			
Species	s__UBA4372 sp017503065	1			
Species	s__Cryptobacteroides sp015060395	1			
Species	s__Alistipes sp017623115	1			
Species	s__Ruminobacter sp017940385	1			
Species	s__Ruminococcus_E sp900316435	1			
Species	s__UBA1259 sp017503265	1			
Species	s__Alistipes sp017424405	1			
Species	s__RGIG4130 sp017466885	1			
Species	s__RGIG6178 sp017517765	1			
Species	s__Victivallis sp017466125	1			
Species	s__CAG-452 sp015056485	1			
Species	s__CAZU01 sp015062585	1			
Species	s__Barnesiella_A sp017561285	1			
Species	s__SIG640 sp015064885	1			
Species	s__RGIG4097 sp017461985	1			
Species	s__Ruminococcus_E sp017473955	1			
Species	s__Acetobacter sp017413025	1			
Species	s__SIG307 sp017503735	1			
Species	s__UBA7185 sp017622155	1			
Species	s__Akkermansia sp017549485	1			
Species	s__Alistipes sp017383445	1			
Species	s__Faecousia sp017399325	1			
Species	s__CAZU01 sp015062235	1			
Species	s__UBA737 sp904501875	1			
Species	s__Ruminococcus sp017397925	1			
Species	s__Scatosoma sp015055545	1			
Species	s__Alistipes sp017631055	1			
Species	s__RGIG2220 sp017407305	1			
Species	s__Campylobacter sp002139875	1			
Species	s__UBA8612 sp017399065	1			
Species	s__UBA2922 sp902802565	1			
Species	s__UBA4363 sp017646805	1			
Species	s__Faecousia sp017481325	1			
Species	s__Enterousia sp902793435	1			
Species	s__Alistipes sp017628735	1			
Species	s__FD2005 sp000702525	1			
Species	s__Sodaliphilus sp018065815	1			
Species	s__SIG575 sp017520635	1			
Species	s__CAG-390 sp017522125	1			
Species	s__RGIG6639 sp017527495	1			
Species	s__RGIG4608 sp017531925	1			
Species	s__RF16 sp017391525	1			
Species	s__UBA1436 sp900315795	1			
Species	s__UMGS1883 sp015069065	1			
Species	s__UBA1227 sp018065925	1			
Species	s__Limimorpha sp015061365	1			
Species	s__Ruminococcus sp017513795	1			
Species	s__UBA1189 sp017424485	1			
Species	s__Pseudobutyrivibrio sp000621865	1			
Species	s__Egerieousia sp017631435	1			
Species	s__Alistipes sp015059785	1			
Species	s__Fibrobacter sp900143055	1			
Species	s__Cryptobacteroides sp017472115	1			
Species	s__Merdimorpha sp017620815	1			
Species	s__Ruminococcus sp017461395	1			
Species	s__Ruminococcus_C sp017623515	1			
Species	s__Bacteroides congonensis	1			
Species	s__HGM04593 sp017554605	1			
Species	s__RGIG2000 sp017420755	1			
Species	s__UBA1259 sp017648525	1			
Species	s__RUG12999 sp017396395	1			
Species	s__UBA1757 sp017468435	1			
Species	s__SIG701 sp017502135	1			
Species	s__Faecousia sp017437095	1			
Species	s__Fimimonas sp017409765	1			
Species	s__RGIG9079 sp015061245	1			
Species	s__SIG603 sp015065615	1			
Species	s__Aphodousia sp017383055	1			
Species	s__RGIG6353 sp017439965	1			
Species	s__UBA1231 sp017501465	1			
Species	s__Phocaeicola_A sp017472905	1			
Species	s__Egerieousia sp017380095	1			
Species	s__RUG806 sp017625435	1			
Species	s__UBA8612 sp017382015	1			
Species	s__AC2028 sp002317155	1			
Species	s__RGIG3096 sp017407205	1			
Species	s__Aphodousia sp017646335	1			
Species	s__UBA1066 sp900317515	1			
Species	s__UBA3637 sp015062245	1			
Species	s__Scatosoma sp017626305	1			
Species	s__Alistipes sp017547175	1			
Species	s__Ruminococcus sp017624895	1			
Species	s__RGIG8782 sp017620845	1			
Species	s__Ruminococcus sp017543335	1			
Species	s__CAG-194 sp017461865	1			
Species	s__Scatosoma sp017482415	1			
Species	s__RGIG1711 sp017416145	1			
Species	s__UMGS1883 sp017411435	1			
Species	s__Avigastranaerophilus sp017396025	1			
Species	s__Alistipes sp017559615	1			
Species	s__UBA4372 sp017631315	1			
Species	s__UBA6857 sp017397845	1			
Species	s__UBA1740 sp017481225	1			
Species	s__UBA737 sp904502215	1			
Species	s__UBA1436 sp900319325	1			
Species	s__RGIG8767 sp017621115	1			
Species	s__Egerieisoma sp017560765	1			
Species	s__Alistipes sp017463585	1			
Species	s__Acinetobacter sp001647535	1			
Species	s__RGIG3009 sp017440765	1			
Species	s__HGM04593 sp017481875	1			
Species	s__HGM04593 sp017507105	1			
Species	s__CAG-177 sp017630695	1			
Species	s__Nanosyncoccus sp017941835	1			
Species	s__Enterousia sp017409215	1			
Species	s__Enterousia sp017937735	1			
Species	s__UBA1765 sp017631885	1			
Species	s__UBA737 sp017513195	1			
Species	s__Sodaliphilus sp902761475	1			
Species	s__RGIG4097 sp017507205	1			
Species	s__Ruminococcus sp015066955	1			
Species	s__UBA4334 sp904501945	1			
Species	s__Pradoshia eiseniae	1			
Species	s__Limimorpha sp017381865	1			
Species	s__UBA1784 sp015061725	1			
Species	s__RGIG8745 sp017466965	1			
Species	s__UBA1711 sp900317125	1			
Species	s__Faecousia sp017624645	1			
Species	s__Caccoplasma sp017559955	1			
Species	s__RUG14199 sp015063695	1			
Species	s__Enterousia sp017383325	1			
Species	s__RUG12395 sp017436885	1			
Species	s__RGIG3566 sp017501805	1			
Species	s__SFHK01 sp016296675	1			
Species	s__RGIG3009 sp017434985	1			
Species	s__QHMH01 sp017476325	1			
Species	s__GCA-900199385 sp017512985	1			
Species	s__Firm-07 sp017505785	1			
Species	s__UMGS1865 sp017379815	1			
Species	s__CAZU01 sp017457005	1			
Species	s__Phocaeicola_A sp017451645	1			
Species	s__SIG636 sp017397805	1			
Species	s__DTU089 sp017521425	1			
Species	s__UBA1752 sp015064955	1			
Species	s__Acetatifactor sp017513625	1			
Species	s__CAG-390 sp017632155	1			
Species	s__CAG-448 sp015064685	1			
Species	s__SIG685 sp015063985	1			
Species	s__HGM04593 sp015060905	1			
Species	s__Barnesiella_A sp017410245	1			
Species	s__UBA4372 sp017547165	1			
Species	s__DTU089 sp015066225	1			
Species	s__SIG636 sp017531625	1			
Species	s__UBA6857 sp017517865	1			
Species	s__Alistipes sp017623505	1			
Species	s__Alistipes sp015060065	1			
Species	s__RGIG4140 sp017466695	1			
Species	s__HGM11412 sp017504165	1			
Species	s__Cryptobacteroides sp904501835	1			
Species	s__HGM12713 sp015063655	1			
Species	s__RGIG1911 sp017533425	1			
Species	s__UBA1737 sp017398545	1			
Species	s__UBA1213 sp902786345	1			
Species	s__Caccovivens sp017452445	1			
Species	s__Ruminococcus_E sp900316555	1			
Species	s__Phocaeicola sp017420875	1			
Species	s__Nanosyncoccus sp017455145	1			
Species	s__CAG-127 sp015057445	1			
Species	s__RGIG8709 sp017622215	1			
Species	s__HGM12713 sp015063305	1			
Species	s__Prevotella sp017941345	1			
Species	s__Bifidobacterium longum	1			
Species	s__Egerieousia sp015060445	1			
Species	s__Caccoplasma sp017416695	1			
Species	s__RGIG4079 sp017409345	1			
Species	s__Enterousia sp015062445	1			
Species	s__SIG78 sp017504585	1			
Species	s__UBA1259 sp017558105	1			
Species	s__CAG-303 sp017935565	1			
Species	s__Butyrivibrio sp015056495	1			
Species	s__RGIG2000 sp017456685	1			
Species	s__UMGS1279 sp017410605	1			
Species	s__Onthomorpha sp017647785	1			
Species	s__RGIG2945 sp017442445	1			
Species	s__Alistipes sp017631135	1			
Species	s__HGM12619 sp017441125	1			
Species	s__Cryptobacteroides sp017549505	2			
Species	s__Fimimonas sp017500855	1			
Species	s__Tidjanibacter sp017936605	1			
Species	s__UBA1784 sp017628235	1			
Species	s__UBA4644 sp017521295	1			
Species	s__CAG-95 sp017938315	1			
Species	s__RUG191 sp905234525	1			
Species	s__UBA4372 sp017548165	1			
Species	s__RGIG2000 sp017501545	1			
Species	s__Ruminococcus_E sp900313865	1			
Species	s__Alistipes sp017410165	1			
Species	s__UBA1425 sp017397655	1			
Species	s__Tidjanibacter sp017630115	1			
Species	s__Tidjanibacter sp017379955	1			
Species	s__UBA2804 sp016284235	1			
Species	s__Alistipes sp015059865	1			
Species	s__RF16 sp017558065	1			
Species	s__UMGS1484 sp017556785	1			
Species	s__UBA5905 sp017442265	1			
Species	s__RGIG4131 sp017536405	1			
Species	s__RGIG9608 sp017648235	2			
Species	s__Ruminococcus_F sp015066905	1			
Species	s__UBA1712 sp018064425	1			
Species	s__Scatosoma sp017415505	1			
Species	s__Scatosoma sp017504465	1			
Species	s__Alistipes sp017558115	1			
Species	s__Agathobacter sp017936725	1			
Species	s__HGM04593 sp904502185	1			
Species	s__SIG710 sp015063495	1			
Species	s__Alistipes sp900770635	1			
Species	s__RUG191 sp015057165	1			
Species	s__Avispirillum sp015065395	1			
Species	s__SFDP01 sp017520155	1			
Species	s__Saccharofermentans sp017428155	1			
Species	s__Nanosyncoccus sp017962365	1			
Species	s__Solibacillus sp014836935	1			
Species	s__RGIG3102 sp017435045	1			
Species	s__Treponema_D sp017934745	1			
Species	s__Zag111 sp017472545	1			
Species	s__NK4A136 sp015057055	1			
Species	s__UBA4372 sp017379075	1			
Species	s__Alistipes sp017654125	1			
Species	s__Faecousia sp017397565	1			
Species	s__UBA1737 sp015059015	1			
Species	s__HGM11412 sp015055525	1			
Species	s__RGIG4131 sp017466865	1			
Species	s__RGIG2163 sp017408525	1			
Species	s__SIG588 sp015065885	1			
Species	s__CAG-448 sp017411745	1			
Species	s__RGIG1743 sp017399105	1			
Species	s__Alistipes sp017481925	1			
Species	s__Agathobacter sp017409825	1			
Species	s__Barnesiella_A sp017531985	1			
Species	s__UBA7867 sp017468205	1			
Species	s__CAG-448 sp017504625	1			
Species	s__Faecalibacterium prausnitzii_I	1			
Species	s__E4-60 sp018065065	1			
Species	s__UBA1752 sp017629895	1			
Species	s__RGIG1666 sp017416985	1			
Species	s__SIG440 sp017409575	1			
Species	s__Akkermansia sp017415555	1			
Species	s__UMGS755 sp015068555	1			
Species	s__Phocaeicola sp017503235	1			
Species	s__HGM04593 sp017547205	1			
Species	s__RUG410 sp902788365	1			
Species	s__Anaerobutyricum sp904502145	1			
Species	s__UBA4372 sp017628845	1			
Species	s__HGM04593 sp017536695	1			
Species	s__Egerieousia sp017935505	1			
Species	s__Ruminiclostridium_E sp017625405	1			
Species	s__Scatosoma sp017505465	1			
Species	s__RGIG1864 sp017408205	1			
Species	s__DTU089 sp017937865	1			
Species	s__GCA-900199385 sp015056205	1			
Species	s__RUG806 sp017416485	1			
Species	s__RGIG6463 sp017532485	1			
Species	s__Faecousia sp015068165	1			
Species	s__CAG-791 sp902785055	1			
Species	s__RUG369 sp017435375	1			
Species	s__UBA1784 sp015061805	1			
Species	s__SIG565 sp017436255	1			
Species	s__Acetatifactor sp017397645	1			
Species	s__RGIG8597 sp017624275	1			
Species	s__Sodaliphilus sp017449785	1			
Species	s__RGIG4266 sp017461465	1			
Species	s__RUG420 sp900317985	1			
Species	s__Alistipes sp017501625	1			
Species	s__HGM12713 sp900770605	1			
Species	s__UBA2813 sp902774905	1			
Species	s__UBA737 sp015066515	1			
Species	s__Akkermansia sp904501975	1			
Species	s__Prevotella sp018065415	1			
Species	s__HGM12713 sp017503865	1			
Species	s__Phocaeicola sp015060765	1			
Species	s__RGIG3701 sp017939795	1			
Species	s__RGIG3925 sp017455975	1			
Species	s__RUG695 sp900321495	1			
Species	s__DTU089 sp015066345	1			
Species	s__Ruminococcus_E sp017457155	1			
Species	s__Ruminococcus_B gnavus	1			
Species	s__Enterousia sp017513285	1			
Species	s__JAGCJX01 sp017647795	1			
Species	s__RUG563 sp017397895	1			
Species	s__RGIG6449 sp017533005	1			
Species	s__CAG-590 sp017622535	1			
Species	s__Prevotella sp002342665	1			
Species	s__Scatosoma sp015069565	1			
Species	s__Alistipes sp017442365	1			
Species	s__CAG-127 sp015057525	1			
Species	s__RGIG8050 sp017623705	1			
Species	s__RGIG7300 sp017398145	1			
Species	s__UBA4372 sp017381015	1			
Species	s__SIG644 sp015064805	1			
Species	s__Scatosoma sp015069295	1			
Species	s__RUG11130 sp017440665	1			
Species	s__Alistipes sp904502005	1			
Species	s__UBA1723 sp016283095	1			
Species	s__Cryptobacteroides sp015060205	1			
Species	s__RGIG6154 sp017410375	1			
Species	s__RUG806 sp015065425	1			
Species	s__GCA-900199385 sp017652125	1			
Species	s__UBA7862 sp017523305	1			
Species	s__SIG598 sp017936365	1			
Species	s__RGIG1934 sp017396555	1			
Species	s__RGIG4079 sp017424575	1			
Species	s__Gallimonas sp017621735	1			
Species	s__Enterousia sp015062525	1			
Species	s__UBA4636 sp017407325	1			
Species	s__Alistipes sp017631255	1			
Species	s__Cryptobacteroides sp017937885	1			
Species	s__Alistipes finegoldii	1			
Species	s__UBA3855 sp015066845	1			
Species	s__RF16 sp017938155	1			
Species	s__SFHK01 sp017522345	1			
Species	s__UBA1784 sp017507125	1			
Species	s__HGM04593 sp017546635	1			
Species	s__Akkermansia sp017435505	1			
Species	s__Ruminococcus_E sp017411835	1			
Species	s__UMGS1668 sp017399625	1			
Species	s__Firm-16 sp018064475	1			
Species	s__Alistipes sp017384185	1			
Species	s__HGM04593 sp900769765	1			
Species	s__UBA3855 sp017462785	1			
Species	s__Limimorpha sp015061295	1			
Species	s__RGIG4079 sp017520235	1			
Species	s__Alistipes sp017536555	1			
Species	s__UBA7488 sp002477185	1			
Species	s__Saccharofermentans sp017427465	1			
Species	s__Alistipes sp015059905	1			
Species	s__UBA2862 sp017432405	1			
Species	s__Acetatifactor sp017522685	1			
Species	s__Onthomorpha sp002358835	1			
Species	s__Sodaliphilus sp018065165	1			
Species	s__CAG-448 sp017483305	1			
Species	s__Egerieisoma sp017522515	1			
Species	s__Spyradosoma sp017531845	1			
Species	s__UBA636 sp900321955	1			
Species	s__Avispirillum sp017520365	1			
Species	s__UBA1254 sp017645485	1			
Species	s__RUG11200 sp017396145	1			
Species	s__SIG440 sp015068845	1			
Species	s__Scatosoma sp904501815	1			
Species	s__Scatenecus sp017559905	1			
Species	s__UBA4334 sp002353215	1			
Species	s__CAG-127 sp017938485	1			
Species	s__DTU089 sp017501865	1			
Species	s__UBA1784 sp017504435	1			
Species	s__UBA3839 sp017483765	1			
Species	s__SIG622 sp015065225	1			
Species	s__Avispirillum sp017623255	1			
Species	s__SIG78 sp015061885	1			
Species	s__RGIG6429 sp017533545	1			
Species	s__SIG672 sp017466445	1			
Species	s__Cryptobacteroides sp017550025	1			
Species	s__UBA1259 sp017397305	1			
Species	s__UBA1756 sp016290715	1			
Species	s__RGIG7107 sp017538895	1			
Species	s__UMGS755 sp015068905	1			
Species	s__SIG480 sp017439555	1			
Species	s__SIG78 sp015061575	1			
Species	s__RGIG1896 sp017397025	1			
Species	s__UBA5905 sp017398485	1			
Species	s__UBA1752 sp015063885	1			
Species	s__UBA737 sp900769375	1			
Species	s__Spyradenecus sp017646485	1			
Species	s__UBA1776 sp017457105	1			
Species	s__Avidehalobacter sp017398165	1			
Species	s__Lachnospira multipara	1			
Species	s__UBA1067 sp017629735	1			
Species	s__UBA7477 sp017848055	1			
Species	s__RUG191 sp900316395	1			
Species	s__Prevotella sp900314755	1			
Species	s__Ruminococcus_E sp017471345	1			
Species	s__UBA3824 sp017394445	1			
Species	s__Limosilactobacillus mucosae	1			
Species	s__UBA1754 sp015061145	1			
Species	s__RGIG4607 sp017473265	1			
Species	s__Limosilactobacillus equigenerosi	1			
Species	s__Firm-04 sp017532085	1			
Species	s__UBA1740 sp015063765	1			
Species	s__Acetatifactor sp904501885	1			
Species	s__UBA1740 sp017508665	1			
Species	s__Prevotella sp900315525	1			
Species	s__Cryptobacteroides sp900767375	1			
Species	s__Enterousia sp017549445	1			
Species	s__Egerieousia sp017555925	1			
Species	s__Scatosoma sp017453145	1			
Species	s__Psychrobacillus sp012843435	1			