ko:K00845,glk; glucokinase [EC:2.7.1.2]
ko:K01810,GPI; glucose-6-phosphate isomerase [EC:5.3.1.9]
ko:K00850,pfkA; 6-phosphofructokinase 1 [EC:2.7.1.11]
ko:K21071,pfk; ATP-dependent phosphofructokinase / diphosphate-dependent phosphofructokinase [EC:2.7.1.11 2.7.1.90]
ko:K00895,pfp; diphosphate-dependent phosphofructokinase [EC:2.7.1.90]
ko:K01624,"FBA; fructose-bisphosphate aldolase, class II [EC:4.1.2.13]"
ko:K01803,TPI; triosephosphate isomerase (TIM) [EC:5.3.1.1]
ko:K00134,GAPDH; glyceraldehyde 3-phosphate dehydrogenase (phosphorylating) [EC:1.2.1.12]
ko:K00927,PGK; phosphoglycerate kinase [EC:2.7.2.3]
ko:K01834,"PGAM; 2,3-bisphosphoglycerate-dependent phosphoglycerate mutase [EC:5.4.2.11]"
ko:K15633,"gpmI; 2,3-bisphosphoglycerate-independent phosphoglycerate mutase [EC:5.4.2.12]"
ko:K01689,ENO; enolase [EC:4.2.1.11]
ko:K00873,PK; pyruvate kinase [EC:2.7.1.40]
ko:K01006,"ppdK; pyruvate, orthophosphate dikinase [EC:2.7.9.1]"
ko:K00382,DLD; dihydrolipoamide dehydrogenase [EC:1.8.1.4]
ko:K03737,por; pyruvate-ferredoxin/flavodoxin oxidoreductase [EC:1.2.7.1 1.2.7.-]
ko:K00174,korA; 2-oxoglutarate/2-oxoacid ferredoxin oxidoreductase subunit alpha [EC:1.2.7.3 1.2.7.11]
ko:K00175,korB; 2-oxoglutarate/2-oxoacid ferredoxin oxidoreductase subunit beta [EC:1.2.7.3 1.2.7.11]
ko:K00128,ALDH; aldehyde dehydrogenase (NAD+) [EC:1.2.1.3]
ko:K20866,yihX; glucose-1-phosphatase [EC:3.1.3.10]
ko:K01835,pgm; phosphoglucomutase [EC:5.4.2.2]
ko:K01610,E4.1.1.49; phosphoenolpyruvate carboxykinase (ATP) [EC:4.1.1.49]
ko:K00177,korC; 2-oxoglutarate ferredoxin oxidoreductase subunit gamma [EC:1.2.7.3]
ko:K00176,korD; 2-oxoglutarate ferredoxin oxidoreductase subunit delta [EC:1.2.7.3]
ko:K18118,aarC; succinyl-CoA:acetate CoA-transferase [EC:2.8.3.18]
ko:K00239,sdhA; succinate dehydrogenase flavoprotein subunit [EC:1.3.5.1]
ko:K00240,sdhB; succinate dehydrogenase iron-sulfur subunit [EC:1.3.5.1]
ko:K00241,sdhC; succinate dehydrogenase cytochrome b subunit
ko:K01676,"E4.2.1.2A; fumarate hydratase, class I [EC:4.2.1.2]"
ko:K01960,pycB; pyruvate carboxylase subunit B [EC:6.4.1.1]
ko:K01783,rpe; ribulose-phosphate 3-epimerase [EC:5.1.3.1]
ko:K00615,E2.2.1.1; transketolase [EC:2.2.1.1]
ko:K01808,rpiB; ribose 5-phosphate isomerase B [EC:5.3.1.6]
ko:K01619,deoC; deoxyribose-phosphate aldolase [EC:4.1.2.4]
ko:K00948,PRPS; ribose-phosphate pyrophosphokinase [EC:2.7.6.1]
ko:K01195,uidA; beta-glucuronidase [EC:3.2.1.31]
ko:K00012,UGDH; UDPglucose 6-dehydrogenase [EC:1.1.1.22]
ko:K01809,manA; mannose-6-phosphate isomerase [EC:5.3.1.8]
ko:K01840,manB; phosphomannomutase [EC:5.4.2.8]
ko:K00971,manC; mannose-1-phosphate guanylyltransferase [EC:2.7.7.13]
ko:K01711,"gmd; GDPmannose 4,6-dehydratase [EC:4.2.1.47]"
ko:K01784,galE; UDP-glucose 4-epimerase [EC:5.1.3.2]
ko:K01190,lacZ; beta-galactosidase [EC:3.2.1.23]
ko:K07407,E3.2.1.22B; alpha-galactosidase [EC:3.2.1.22]
ko:K01187,malZ; alpha-glucosidase [EC:3.2.1.20]
ko:K01179,E3.2.1.4; endoglucanase [EC:3.2.1.4]
ko:K00978,rfbF; glucose-1-phosphate cytidylyltransferase [EC:2.7.7.33]
ko:K00703,glgA; starch synthase [EC:2.4.1.21]
ko:K16153,glycogen phosphorylase/synthase [EC:2.4.1.1 2.4.1.11]
ko:K00700,"GBE1; 1,4-alpha-glucan branching enzyme [EC:2.4.1.18]"
ko:K00688,PYG; glycogen phosphorylase [EC:2.4.1.1]
ko:K01176,AMY; alpha-amylase [EC:3.2.1.1]
ko:K07405,E3.2.1.1A; alpha-amylase [EC:3.2.1.1]
ko:K21574,"susB; glucan 1,4-alpha-glucosidase [EC:3.2.1.3]"
ko:K00705,malQ; 4-alpha-glucanotransferase [EC:2.4.1.25]
ko:K00691,mapA; maltose phosphorylase [EC:2.4.1.8]
ko:K01183,E3.2.1.14; chitinase [EC:3.2.1.14]
ko:K01207,nagZ; beta-N-acetylhexosaminidase [EC:3.2.1.52]
ko:K12373,HEXA_B; hexosaminidase [EC:3.2.1.52]
ko:K00820,glmS; glutamine---fructose-6-phosphate transaminase (isomerizing) [EC:2.6.1.16]
ko:K07106,murQ; N-acetylmuramic acid 6-phosphate etherase [EC:4.2.1.126]
ko:K09001,anmK; anhydro-N-acetylmuramic acid kinase [EC:2.7.1.170]
ko:K07102,amgK; N-acetylmuramate 1-kinase [EC:2.7.1.221]
ko:K00790,murA; UDP-N-acetylglucosamine 1-carboxyvinyltransferase [EC:2.5.1.7]
ko:K00075,murB; UDP-N-acetylmuramate dehydrogenase [EC:1.3.1.98]
ko:K00983,neuA; N-acylneuraminate cytidylyltransferase [EC:2.7.7.43]
ko:K01791,wecB; UDP-N-acetylglucosamine 2-epimerase (non-hydrolysing) [EC:5.1.3.14]
ko:K02472,wecC; UDP-N-acetyl-D-mannosaminuronic acid dehydrogenase [EC:1.1.1.336]
ko:K13015,wbpA; UDP-N-acetyl-D-glucosamine dehydrogenase [EC:1.1.1.136]
ko:K13016,wbpB; UDP-N-acetyl-2-amino-2-deoxyglucuronate dehydrogenase [EC:1.1.1.335]
ko:K13018,"wbpD; UDP-2-acetamido-3-amino-2,3-dideoxy-glucuronate N-acetyltransferase [EC:2.3.1.201]"
ko:K02474,wbpO; UDP-N-acetyl-D-glucosamine/UDP-N-acetyl-D-galactosamine dehydrogenase [EC:1.1.1.136 1.1.1.-]
ko:K01709,"rfbG; CDP-glucose 4,6-dehydratase [EC:4.2.1.45]"
ko:K12452,"ascC; CDP-4-dehydro-6-deoxyglucose reductase, E1 [EC:1.17.1.1]"
ko:K00925,ackA; acetate kinase [EC:2.7.2.1]
ko:K01067,E3.1.2.1; acetyl-CoA hydrolase [EC:3.1.2.1]
ko:K18930,dld; D-lactate dehydrogenase
ko:K00027,ME2; malate dehydrogenase (oxaloacetate-decarboxylating) [EC:1.1.1.38]
ko:K00029,E1.1.1.40; malate dehydrogenase (oxaloacetate-decarboxylating)(NADP+) [EC:1.1.1.40]
ko:K01571,oadA; oxaloacetate decarboxylase (Na+ extruding) subunit alpha [EC:7.2.4.2]
ko:K05606,MCEE; methylmalonyl-CoA/ethylmalonyl-CoA epimerase [EC:5.1.99.1]
ko:K01847,MUT; methylmalonyl-CoA mutase [EC:5.4.99.2]
ko:K03781,katE; catalase [EC:1.11.1.6]
ko:K01091,gph; phosphoglycolate phosphatase [EC:3.1.3.18]
ko:K01915,glnA; glutamine synthetase [EC:6.3.1.2]
ko:K00600,glyA; glycine hydroxymethyltransferase [EC:2.1.2.1]
ko:K00281,GLDC; glycine dehydrogenase [EC:1.4.4.2]
ko:K00605,gcvT; aminomethyltransferase [EC:2.1.2.10]
ko:K02437,gcvH; glycine cleavage system H protein
ko:K00123,fdoG; formate dehydrogenase major subunit [EC:1.17.1.9]
ko:K00248,ACADS; butyryl-CoA dehydrogenase [EC:1.3.8.1]
ko:K01734,mgsA; methylglyoxal synthase [EC:4.2.3.3]
ko:K08325,yqhD; NADP-dependent alcohol dehydrogenase [EC:1.1.-.-]
ko:K00074,paaH; 3-hydroxybutyryl-CoA dehydrogenase [EC:1.1.1.157]
ko:K01715,crt; enoyl-CoA hydratase [EC:4.2.1.17]
ko:K01034,atoD; acetate CoA/acetoacetate CoA-transferase alpha subunit [EC:2.8.3.8 2.8.3.9]
ko:K01035,atoA; acetate CoA/acetoacetate CoA-transferase beta subunit [EC:2.8.3.8 2.8.3.9]
ko:K00929,buk; butyrate kinase [EC:2.7.2.7]
ko:K00634,ptb; phosphate butyryltransferase [EC:2.3.1.19]
ko:K00100,bdhAB; butanol dehydrogenase [EC:1.1.1.-]
ko:K01580,E4.1.1.15; glutamate decarboxylase [EC:4.1.1.15]
ko:K01027,OXCT; 3-oxoacid CoA-transferase [EC:2.8.3.5]
ko:K01028,scoA; 3-oxoacid CoA-transferase subunit A [EC:2.8.3.5]
ko:K01652,E2.2.1.6L; acetolactate synthase I/II/III large subunit [EC:2.2.1.6]
ko:K09011,cimA; (R)-citramalate synthase [EC:2.3.3.21]
ko:K01704,leuD; 3-isopropylmalate/(R)-2-methylmalate dehydratase small subunit [EC:4.2.1.33 4.2.1.35]
ko:K00052,leuB; 3-isopropylmalate dehydrogenase [EC:1.1.1.85]
ko:K01858,INO1; myo-inositol-1-phosphate synthase [EC:5.5.1.4]
ko:K00333,nuoD; NADH-quinone oxidoreductase subunit D [EC:7.1.1.2]
ko:K13378,nuoCD; NADH-quinone oxidoreductase subunit C/D [EC:7.1.1.2]
ko:K00334,nuoE; NADH-quinone oxidoreductase subunit E [EC:7.1.1.2]
ko:K00335,nuoF; NADH-quinone oxidoreductase subunit F [EC:7.1.1.2]
ko:K00337,nuoH; NADH-quinone oxidoreductase subunit H [EC:7.1.1.2]
ko:K00341,nuoL; NADH-quinone oxidoreductase subunit L [EC:7.1.1.2]
ko:K00342,nuoM; NADH-quinone oxidoreductase subunit M [EC:7.1.1.2]
ko:K00343,nuoN; NADH-quinone oxidoreductase subunit N [EC:7.1.1.2]
ko:K00425,cydA; cytochrome bd ubiquinol oxidase subunit I [EC:7.1.1.7]
ko:K00426,cydB; cytochrome bd ubiquinol oxidase subunit II [EC:7.1.1.7]
ko:K02111,ATPF1A; F-type H+/Na+-transporting ATPase subunit alpha [EC:7.1.2.2 7.2.2.1]
ko:K02112,ATPF1B; F-type H+/Na+-transporting ATPase subunit beta [EC:7.1.2.2 7.2.2.1]
ko:K02115,ATPF1G; F-type H+-transporting ATPase subunit gamma
ko:K02113,ATPF1D; F-type H+-transporting ATPase subunit delta
ko:K02114,ATPF1E; F-type H+-transporting ATPase subunit epsilon
ko:K02108,ATPF0A; F-type H+-transporting ATPase subunit a
ko:K02109,ATPF0B; F-type H+-transporting ATPase subunit b
ko:K02110,ATPF0C; F-type H+-transporting ATPase subunit c
ko:K01491,folD; methylenetetrahydrofolate dehydrogenase (NADP+) / methenyltetrahydrofolate cyclohydrolase [EC:1.5.1.5 3.5.4.9]
ko:K00297,metF; methylenetetrahydrofolate reductase (NADH) [EC:1.5.1.54]
ko:K00058,serA; D-3-phosphoglycerate dehydrogenase / 2-oxoglutarate reductase [EC:1.1.1.95 1.1.1.399]
ko:K00831,serC; phosphoserine aminotransferase [EC:2.6.1.52]
ko:K01079,serB; phosphoserine phosphatase [EC:3.1.3.3]
ko:K05601,hcp; hydroxylamine reductase [EC:1.7.99.1]
ko:K00262,E1.4.1.4; glutamate dehydrogenase (NADP+) [EC:1.4.1.4]
ko:K00266,gltD; glutamate synthase (NADPH) small chain [EC:1.4.1.13]
ko:K00926,arcC; carbamate kinase [EC:2.7.2.2]
ko:K06881,nrnA; bifunctional oligoribonuclease and PAP phosphatase NrnA [EC:3.1.3.7 3.1.13.3]
ko:K02078,acpP; acyl carrier protein
ko:K00645,fabD; [acyl-carrier-protein] S-malonyltransferase [EC:2.3.1.39]
ko:K00648,fabH; 3-oxoacyl-[acyl-carrier-protein] synthase III [EC:2.3.1.180]
ko:K09458,fabF; 3-oxoacyl-[acyl-carrier-protein] synthase II [EC:2.3.1.179]
ko:K00059,fabG; 3-oxoacyl-[acyl-carrier protein] reductase [EC:1.1.1.100]
ko:K16363,lpxC-fabZ; UDP-3-O-[3-hydroxymyristoyl] N-acetylglucosamine deacetylase / 3-hydroxyacyl-[acyl-carrier-protein] dehydratase [EC:3.5.1.108 4.2.1.59]
ko:K01897,ACSL; long-chain acyl-CoA synthetase [EC:6.2.1.3]
ko:K01442,cbh; choloylglycine hydrolase [EC:3.5.1.24]
ko:K07007,"baiN; 3-dehydro-bile acid Delta4,6-reductase [EC:1.3.1.114]"
ko:K03621,plsX; phosphate acyltransferase [EC:2.3.1.274]
ko:K08591,plsY; acyl phosphate:glycerol-3-phosphate acyltransferase [EC:2.3.1.275]
ko:K00901,dgkA; diacylglycerol kinase (ATP) [EC:2.7.1.107]
ko:K00057,gpsA; glycerol-3-phosphate dehydrogenase (NAD(P)+) [EC:1.1.1.94]
ko:K01126,E3.1.4.46; glycerophosphoryl diester phosphodiesterase [EC:3.1.4.46]
ko:K00981,E2.7.7.41; phosphatidate cytidylyltransferase [EC:2.7.7.41]
ko:K17103,CHO1; CDP-diacylglycerol---serine O-phosphatidyltransferase [EC:2.7.8.8]
ko:K06131,clsA_B; cardiolipin synthase A/B [EC:2.7.8.-]
ko:K01634,SGPL1; sphinganine-1-phosphate aldolase [EC:4.1.2.27]
ko:K01186,NEU1; sialidase-1 [EC:3.2.1.18]
ko:K00764,purF; amidophosphoribosyltransferase [EC:2.4.2.14]
ko:K01945,purD; phosphoribosylamine---glycine ligase [EC:6.3.4.13]
ko:K11175,purN; phosphoribosylglycinamide formyltransferase 1 [EC:2.1.2.2]
ko:K01952,PFAS; phosphoribosylformylglycinamidine synthase [EC:6.3.5.3]
ko:K01933,purM; phosphoribosylformylglycinamidine cyclo-ligase [EC:6.3.3.1]
ko:K01588,purE; 5-(carboxyamino)imidazole ribonucleotide mutase [EC:5.4.99.18]
ko:K01923,purC; phosphoribosylaminoimidazole-succinocarboxamide synthase [EC:6.3.2.6]
ko:K01756,purB; adenylosuccinate lyase [EC:4.3.2.2]
ko:K00602,purH; phosphoribosylaminoimidazolecarboxamide formyltransferase / IMP cyclohydrolase [EC:2.1.2.3 3.5.4.10]
ko:K01081,E3.1.3.5; 5'-nucleotidase [EC:3.1.3.5]
ko:K11751,ushA; 5'-nucleotidase / UDP-sugar diphosphatase [EC:3.1.3.5 3.6.1.45]
ko:K03787,surE; 5'/3'-nucleotidase [EC:3.1.3.5 3.1.3.6]
ko:K03783,punA; purine-nucleoside phosphorylase [EC:2.4.2.1]
ko:K00760,hprT; hypoxanthine phosphoribosyltransferase [EC:2.4.2.8]
ko:K00088,IMPDH; IMP dehydrogenase [EC:1.1.1.205]
ko:K00940,ndk; nucleoside-diphosphate kinase [EC:2.7.4.6]
ko:K01951,guaA; GMP synthase (glutamine-hydrolysing) [EC:6.3.5.2]
ko:K01487,guaD; guanine deaminase [EC:3.5.4.3]
ko:K00942,gmk; guanylate kinase [EC:2.7.4.8]
ko:K00525,E1.17.4.1A; ribonucleoside-diphosphate reductase alpha chain [EC:1.17.4.1]
ko:K01139,"spoT; GTP diphosphokinase / guanosine-3',5'-bis(diphosphate) 3'-diphosphatase [EC:2.7.6.5 3.1.7.2]"
ko:K00951,relA; GTP pyrophosphokinase [EC:2.7.6.5]
ko:K01939,purA; adenylosuccinate synthase [EC:6.3.4.4]
ko:K01241,amn; AMP nucleosidase [EC:3.2.2.4]
ko:K06966,ppnN; pyrimidine/purine-5'-nucleotide nucleosidase [EC:3.2.2.10 3.2.2.-]
ko:K00939,adk; adenylate kinase [EC:2.7.4.3]
ko:K01955,carB; carbamoyl-phosphate synthase large subunit [EC:6.3.5.5]
ko:K00609,pyrB; aspartate carbamoyltransferase catalytic subunit [EC:2.1.3.2]
ko:K00610,pyrI; aspartate carbamoyltransferase regulatory subunit
ko:K01465,URA4; dihydroorotase [EC:3.5.2.3]
ko:K17828,pyrDI; dihydroorotate dehydrogenase (NAD+) catalytic subunit [EC:1.3.1.14]
ko:K02823,pyrDII; dihydroorotate dehydrogenase electron transfer subunit
ko:K00226,pyrD; dihydroorotate dehydrogenase (fumarate) [EC:1.3.98.1]
ko:K13421,UMPS; uridine monophosphate synthetase [EC:2.4.2.10 4.1.1.23]
ko:K00762,pyrE; orotate phosphoribosyltransferase [EC:2.4.2.10]
ko:K01591,pyrF; orotidine-5'-phosphate decarboxylase [EC:4.1.1.23]
ko:K09903,pyrH; uridylate kinase [EC:2.7.4.22]
ko:K06287,yhdE; nucleoside triphosphate pyrophosphatase [EC:3.6.1.-]
ko:K01937,pyrG; CTP synthase [EC:6.3.4.2]
ko:K00945,cmk; CMP/dCMP kinase [EC:2.7.4.25]
ko:K00876,udk; uridine kinase [EC:2.7.1.48]
ko:K00757,udp; uridine phosphorylase [EC:2.4.2.3]
ko:K01489,cdd; cytidine deaminase [EC:3.5.4.5]
ko:K01493,comEB; dCMP deaminase [EC:3.5.4.12]
ko:K01520,dut; dUTP pyrophosphatase [EC:3.6.1.23]
ko:K00560,thyA; thymidylate synthase [EC:2.1.1.45]
ko:K17722,preT; dihydropyrimidine dehydrogenase (NAD+) subunit PreT [EC:1.3.1.1]
ko:K00812,aspB; aspartate aminotransferase [EC:2.6.1.1]
ko:K00278,nadB; L-aspartate oxidase [EC:1.4.3.16]
ko:K01424,E3.5.1.1; L-asparaginase [EC:3.5.1.1]
ko:K13566,NIT2; omega-amidase [EC:3.5.1.3]
ko:K14260,alaA; alanine-synthesizing transaminase [EC:2.6.1.66 2.6.1.2]
ko:K00259,ald; alanine dehydrogenase [EC:1.4.1.1]
ko:K01744,aspA; aspartate ammonia-lyase [EC:4.3.1.1]
ko:K00294,E1.2.1.88; 1-pyrroline-5-carboxylate dehydrogenase [EC:1.2.1.88]
ko:K13821,"putA; RHH-type transcriptional regulator, proline utilization regulon repressor / proline dehydrogenase / delta 1-pyrroline-5-carboxylate dehydrogenase [EC:1.5.5.2 1.2.1.88]"
ko:K00928,lysC; aspartate kinase [EC:2.7.2.4]
ko:K00133,asd; aspartate-semialdehyde dehydrogenase [EC:1.2.1.11]
ko:K01620,ltaE; threonine aldolase [EC:4.1.2.48]
ko:K00639,kbl; glycine C-acetyltransferase [EC:2.3.1.29]
ko:K01758,CTH; cystathionine gamma-lyase [EC:4.4.1.1]
ko:K01752,E4.3.1.17; L-serine dehydratase [EC:4.3.1.17]
ko:K06001,trpB; tryptophan synthase beta chain [EC:4.2.1.20]
ko:K01760,metC; cysteine-S-conjugate beta-lyase [EC:4.4.1.13]
ko:K14155,patB; cysteine-S-conjugate beta-lyase [EC:4.4.1.13]
ko:K00548,metH; 5-methyltetrahydrofolate--homocysteine methyltransferase [EC:2.1.1.13]
ko:K00789,metK; S-adenosylmethionine synthetase [EC:2.5.1.6]
ko:K12960,mtaD; 5-methylthioadenosine/S-adenosylhomocysteine deaminase [EC:3.5.4.31 3.5.4.28]
ko:K01761,E4.4.1.11; methionine-gamma-lyase [EC:4.4.1.11]
ko:K01251,AHCY; adenosylhomocysteinase [EC:3.13.2.1]
ko:K00826,E2.6.1.42; branched-chain amino acid aminotransferase [EC:2.6.1.42]
ko:K00053,ilvC; ketol-acid reductoisomerase [EC:1.1.1.86]
ko:K01687,ilvD; dihydroxy-acid dehydratase [EC:4.2.1.9]
ko:K01714,dapA; 4-hydroxy-tetrahydrodipicolinate synthase [EC:4.3.3.7]
ko:K00215,dapB; 4-hydroxy-tetrahydrodipicolinate reductase [EC:1.17.1.8]
ko:K00821,argD; acetylornithine/N-succinyldiaminopimelate aminotransferase [EC:2.6.1.11 2.6.1.17]
ko:K01778,dapF; diaminopimelate epimerase [EC:5.1.1.7]
ko:K10206,E2.6.1.83; LL-diaminopimelate aminotransferase [EC:2.6.1.83]
ko:K00290,"LYS1; saccharopine dehydrogenase (NAD+, L-lysine forming) [EC:1.5.1.7]"
ko:K01928,"murE; UDP-N-acetylmuramoyl-L-alanyl-D-glutamate--2,6-diaminopimelate ligase [EC:6.3.2.13]"
ko:K01929,murF; UDP-N-acetylmuramoyl-tripeptide--D-alanyl-D-alanine ligase [EC:6.3.2.10]
ko:K01843,"kamA; lysine 2,3-aminomutase [EC:5.4.3.2]"
ko:K01844,"kamD; beta-lysine 5,6-aminomutase alpha subunit [EC:5.4.3.3]"
ko:K18011,"kamE; beta-lysine 5,6-aminomutase beta subunit [EC:5.4.3.3]"
ko:K18012,"kdd; L-erythro-3,5-diaminohexanoate dehydrogenase [EC:1.4.1.11]"
ko:K18013,kce; 3-keto-5-aminohexanoate cleavage enzyme [EC:2.3.1.247]
ko:K00611,OTC; ornithine carbamoyltransferase [EC:2.1.3.3]
ko:K09065,argF; N-acetylornithine carbamoyltransferase [EC:2.1.3.9]
ko:K01478,arcA; arginine deiminase [EC:3.5.3.6]
ko:K00930,argB; acetylglutamate kinase [EC:2.7.2.8]
ko:K01438,argE; acetylornithine deacetylase [EC:3.5.1.16]
ko:K01585,speA; arginine decarboxylase [EC:4.1.1.19]
ko:K10536,aguA; agmatine deiminase [EC:3.5.3.12]
ko:K12251,aguB; N-carbamoylputrescine amidase [EC:3.5.1.53]
ko:K13747,nspC; carboxynorspermidine decarboxylase [EC:4.1.1.96]
ko:K00657,speG; diamine N-acetyltransferase [EC:2.3.1.57]
ko:K00819,rocD; ornithine--oxo-acid transaminase [EC:2.6.1.13]
ko:K00765,hisG; ATP phosphoribosyltransferase [EC:2.4.2.17]
ko:K04486,E3.1.3.15B; histidinol-phosphatase (PHP family) [EC:3.1.3.15]
ko:K00013,hisD; histidinol dehydrogenase [EC:1.1.1.23]
ko:K01745,hutH; histidine ammonia-lyase [EC:4.3.1.3]
ko:K01712,hutU; urocanate hydratase [EC:4.2.1.49]
ko:K01468,hutI; imidazolonepropionase [EC:3.5.2.7]
ko:K00603,fctD; glutamate formiminotransferase / 5-formyltetrahydrofolate cyclo-ligase [EC:2.1.2.5 6.3.3.2]
ko:K13990,FTCD; glutamate formiminotransferase / formiminotetrahydrofolate cyclodeaminase [EC:2.1.2.5 4.3.1.4]
ko:K01912,paaK; phenylacetate-CoA ligase [EC:6.2.1.30]
ko:K02614,paaI; acyl-CoA thioesterase [EC:3.1.2.-]
ko:K01667,tnaA; tryptophanase [EC:4.1.99.1]
ko:K01735,aroB; 3-dehydroquinate synthase [EC:4.2.3.4]
ko:K03786,aroQ; 3-dehydroquinate dehydratase II [EC:4.2.1.10]
ko:K00014,aroE; shikimate dehydrogenase [EC:1.1.1.25]
ko:K00800,aroA; 3-phosphoshikimate 1-carboxyvinyltransferase [EC:2.5.1.19]
ko:K01736,aroC; chorismate synthase [EC:4.2.3.5]
ko:K04516,AROA1; chorismate mutase [EC:5.4.99.5]
ko:K04518,pheA2; prephenate dehydratase [EC:4.2.1.51]
ko:K01579,panD; aspartate 1-decarboxylase [EC:4.1.1.11]
ko:K01918,panC; pantoate--beta-alanine ligase [EC:6.3.2.1]
ko:K06167,"phnP; phosphoribosyl 1,2-cyclic phosphate phosphodiesterase [EC:3.1.4.55]"
ko:K11717,sufS; cysteine desulfurase / selenocysteine lyase [EC:2.8.1.7 4.4.1.16]
ko:K00384,trxB; thioredoxin reductase (NADPH) [EC:1.8.1.9]
ko:K01874,MARS; methionyl-tRNA synthetase [EC:6.1.1.10]
ko:K01775,alr; alanine racemase [EC:5.1.1.1]
ko:K01921,ddl; D-alanine-D-alanine ligase [EC:6.3.2.4]
ko:K01776,murI; glutamate racemase [EC:5.1.1.3]
ko:K01925,murD; UDP-N-acetylmuramoylalanine--D-glutamate ligase [EC:6.3.2.9]
ko:K01256,pepN; aminopeptidase N [EC:3.4.11.2]
ko:K01270,pepD; dipeptidase D [EC:3.4.13.-]
ko:K00721,DPM1; dolichol-phosphate mannosyltransferase [EC:2.4.1.83]
ko:K19872,FKTN; fukutin [EC:2.7.8.-]
ko:K00677,lpxA; UDP-N-acetylglucosamine acyltransferase [EC:2.3.1.129]
ko:K02536,lpxD; UDP-3-O-[3-hydroxymyristoyl] glucosamine N-acyltransferase [EC:2.3.1.191]
ko:K03269,"lpxH; UDP-2,3-diacylglucosamine hydrolase [EC:3.6.1.54]"
ko:K00748,lpxB; lipid-A-disaccharide synthase [EC:2.4.1.182]
ko:K00912,lpxK; tetraacyldisaccharide 4'-kinase [EC:2.7.1.130]
ko:K06041,kdsD; arabinose-5-phosphate isomerase [EC:5.3.1.13]
ko:K01627,kdsA; 2-dehydro-3-deoxyphosphooctonate aldolase (KDO 8-P synthase) [EC:2.5.1.55]
ko:K00979,kdsB; 3-deoxy-manno-octulosonate cytidylyltransferase (CMP-KDO synthetase) [EC:2.7.7.38]
ko:K02527,kdtA; 3-deoxy-D-manno-octulosonic-acid transferase [EC:2.4.99.12 2.4.99.13 2.4.99.14 2.4.99.15]
ko:K02517,lpxL; Kdo2-lipid IVA lauroyltransferase/acyltransferase [EC:2.3.1.241 2.3.1.-]
ko:K03760,eptA; lipid A ethanolaminephosphotransferase [EC:2.7.8.43]
ko:K03272,gmhC; D-beta-D-heptose 7-phosphate kinase / D-beta-D-heptose 1-phosphate adenosyltransferase [EC:2.7.1.167 2.7.7.70]
ko:K03273,"gmhB; D-glycero-D-manno-heptose 1,7-bisphosphate phosphatase [EC:3.1.3.82 3.1.3.83]"
ko:K03274,gmhD; ADP-L-glycero-D-manno-heptose 6-epimerase [EC:5.1.3.20]
ko:K15669,hddC; D-glycero-alpha-D-manno-heptose 1-phosphate guanylyltransferase [EC:2.7.7.71]
ko:K02843,waaF; lipopolysaccharide heptosyltransferase II [EC:2.4.99.24]
ko:K19353,eptC; heptose-I-phosphate ethanolaminephosphotransferase [EC:2.7.8.-]
ko:K00973,rfbA; glucose-1-phosphate thymidylyltransferase [EC:2.7.7.24]
ko:K01710,"rfbB; dTDP-glucose 4,6-dehydratase [EC:4.2.1.46]"
ko:K01790,"rfbC; dTDP-4-dehydrorhamnose 3,5-epimerase [EC:5.1.3.13]"
ko:K00067,rfbD; dTDP-4-dehydrorhamnose reductase [EC:1.1.1.133]
ko:K01924,murC; UDP-N-acetylmuramate--alanine ligase [EC:6.3.2.8]
ko:K00887,dgkA; undecaprenol kinase [EC:2.7.1.66]
ko:K00806,uppS; undecaprenyl diphosphate synthase [EC:2.5.1.31]
ko:K06153,bacA; undecaprenyl-diphosphatase [EC:3.6.1.27]
ko:K19302,bcrC; undecaprenyl-diphosphatase [EC:3.6.1.27]
ko:K01000,mraY; phospho-N-acetylmuramoyl-pentapeptide-transferase [EC:2.7.8.13]
ko:K02563,murG; UDP-N-acetylglucosamine--N-acetylmuramyl-(pentapeptide) pyrophosphoryl-undecaprenol N-acetylglucosamine transferase [EC:2.4.1.227]
ko:K03814,mtgA; monofunctional glycosyltransferase [EC:2.4.1.129]
ko:K05366,mrcA; penicillin-binding protein 1A [EC:2.4.1.129 3.4.16.4]
ko:K05515,mrdA; penicillin-binding protein 2 [EC:3.4.16.4]
ko:K03587,ftsI; cell division protein FtsI (penicillin-binding protein 3) [EC:3.4.16.4]
ko:K07259,dacB; serine-type D-Ala-D-Ala carboxypeptidase/endopeptidase (penicillin-binding protein 4) [EC:3.4.16.4 3.4.21.-]
ko:K07271,licD; lipopolysaccharide cholinephosphotransferase [EC:2.7.8.-]
ko:K13668,pimB; phosphatidyl-myo-inositol dimannoside synthase [EC:2.4.1.346]
ko:K02852,wecG; UDP-N-acetyl-D-mannosaminouronate:lipid I N-acetyl-D-mannosaminouronosyltransferase [EC:2.4.1.180]
ko:K03147,thiC; phosphomethylpyrimidine synthase [EC:4.1.99.17]
ko:K00941,thiD; hydroxymethylpyrimidine/phosphomethylpyrimidine kinase [EC:2.7.1.49 2.7.4.7]
ko:K03150,thiH; 2-iminoacetate synthase [EC:4.1.99.19]
ko:K01662,dxs; 1-deoxy-D-xylulose-5-phosphate synthase [EC:2.2.1.7]
ko:K03146,THI4; cysteine-dependent adenosine diphosphate thiazole synthase [EC:2.4.2.60]
ko:K00788,thiE; thiamine-phosphate pyrophosphorylase [EC:2.5.1.3]
ko:K00946,thiL; thiamine-monophosphate kinase [EC:2.7.4.16]
ko:K06949,rsgA; ribosome biogenesis GTPase / thiamine phosphate phosphatase [EC:3.6.1.- 3.1.3.100]
ko:K01077,E3.1.3.1; alkaline phosphatase [EC:3.1.3.1]
ko:K00949,thiN; thiamine pyrophosphokinase [EC:2.7.6.2]
ko:K14652,"ribBA; 3,4-dihydroxy 2-butanone 4-phosphate synthase / GTP cyclohydrolase II [EC:4.1.99.12 3.5.4.25]"
ko:K11752,ribD; diaminohydroxyphosphoribosylaminopyrimidine deaminase / 5-amino-6-(5-phosphoribosylamino)uracil reductase [EC:3.5.4.26 1.1.1.193]
ko:K20862,yigB; FMN hydrolase / 5-amino-6-(5-phospho-D-ribitylamino)uracil phosphatase [EC:3.1.3.102 3.1.3.104]
ko:K00794,"ribH; 6,7-dimethyl-8-ribityllumazine synthase [EC:2.5.1.78]"
ko:K00793,ribE; riboflavin synthase [EC:2.5.1.9]
ko:K11753,ribF; riboflavin kinase / FMN adenylyltransferase [EC:2.7.1.26 2.7.7.2]
ko:K19285,nfrA1; FMN reductase (NADPH) [EC:1.5.1.38]
ko:K19286,nfrA2; FMN reductase [NAD(P)H] [EC:1.5.1.39]
ko:K00097,pdxA; 4-hydroxythreonine-4-phosphate dehydrogenase [EC:1.1.1.262]
ko:K03474,pdxJ; pyridoxine 5-phosphate synthase [EC:2.6.99.2]
ko:K03517,nadA; quinolinate synthase [EC:2.5.1.72]
ko:K00767,nadC; nicotinate-nucleotide pyrophosphorylase (carboxylating) [EC:2.4.2.19]
ko:K00969,nadD; nicotinate-nucleotide adenylyltransferase [EC:2.7.7.18]
ko:K01950,E6.3.5.1; NAD+ synthase (glutamine-hydrolysing) [EC:6.3.5.1]
ko:K03742,pncC; nicotinamide-nucleotide amidase [EC:3.5.1.42]
ko:K03743,pncC; nicotinamide-nucleotide amidase [EC:3.5.1.42]
ko:K12410,npdA; NAD-dependent deacetylase [EC:2.3.1.286]
ko:K00858,ppnK; NAD+ kinase [EC:2.7.1.23]
ko:K00606,panB; 3-methyl-2-oxobutanoate hydroxymethyltransferase [EC:2.1.2.11]
ko:K03525,coaX; type III pantothenate kinase [EC:2.7.1.33]
ko:K13038,coaBC; phosphopantothenoylcysteine decarboxylase / phosphopantothenate---cysteine ligase [EC:4.1.1.36 6.3.2.5]
ko:K00859,coaE; dephospho-CoA kinase [EC:2.7.1.24]
ko:K06133,LYS5; 4'-phosphopantetheinyl transferase [EC:2.7.8.-]
ko:K00652,bioF; 8-amino-7-oxononanoate synthase [EC:2.3.1.47]
ko:K01012,bioB; biotin synthase [EC:2.8.1.6]
ko:K03524,"birA; BirA family transcriptional regulator, biotin operon repressor / biotin---[acetyl-CoA-carboxylase] ligase [EC:6.3.4.15]"
ko:K03801,lipB; lipoyl(octanoyl) transferase [EC:2.3.1.181]
ko:K03644,lipA; lipoyl synthase [EC:2.8.1.8]
ko:K01495,GCH1; GTP cyclohydrolase IA [EC:3.5.4.16]
ko:K01633,"folB; 7,8-dihydroneopterin aldolase/epimerase/oxygenase [EC:4.1.2.25 5.1.99.8 1.13.11.81]"
ko:K00796,folP; dihydropteroate synthase [EC:2.5.1.15]
ko:K11754,folC; dihydrofolate synthase / folylpolyglutamate synthase [EC:6.3.2.12 6.3.2.17]
ko:K01737,queD; 6-pyruvoyltetrahydropterin/6-carboxytetrahydropterin synthase [EC:4.2.3.12 4.1.2.50]
ko:K10026,queE; 7-carboxy-7-deazaguanine synthase [EC:4.3.99.3]
ko:K06897,7
ko:K00604,MTFMT; methionyl-tRNA formyltransferase [EC:2.1.2.9]
ko:K01934,MTHFS; 5-formyltetrahydrofolate cyclo-ligase [EC:6.3.3.2]
ko:K01885,EARS; glutamyl-tRNA synthetase [EC:6.1.1.17]
ko:K01719,hemD; uroporphyrinogen-III synthase [EC:4.2.1.75]
ko:K00798,MMAB; cob(I)alamin adenosyltransferase [EC:2.5.1.17]
ko:K03594,bfr; bacterioferritin [EC:1.16.3.1]
ko:K03183,"ubiE; demethylmenaquinone methyltransferase / 2-methoxy-6-polyprenyl-1,4-benzoquinol methylase [EC:2.1.1.163 2.1.1.201]"
ko:K02548,"menA; 1,4-dihydroxy-2-naphthoate polyprenyltransferase [EC:2.5.1.74]"
ko:K11782,mqnA; chorismate dehydratase [EC:4.2.1.151]
ko:K00099,dxr; 1-deoxy-D-xylulose-5-phosphate reductoisomerase [EC:1.1.1.267]
ko:K00991,ispD; 2-C-methyl-D-erythritol 4-phosphate cytidylyltransferase [EC:2.7.7.60]
ko:K00919,ispE; 4-diphosphocytidyl-2-C-methyl-D-erythritol kinase [EC:2.7.1.148]
ko:K01770,"ispF; 2-C-methyl-D-erythritol 2,4-cyclodiphosphate synthase [EC:4.6.1.12]"
ko:K03526,gcpE; (E)-4-hydroxy-3-methylbut-2-enyl-diphosphate synthase [EC:1.17.7.1 1.17.7.3]
ko:K03527,ispH; 4-hydroxy-3-methylbut-2-en-1-yl diphosphate reductase [EC:1.17.7.4]
ko:K13789,"GGPS; geranylgeranyl diphosphate synthase, type II [EC:2.5.1.1 2.5.1.10 2.5.1.29]"
ko:K02523,ispB; octaprenyl-diphosphate synthase [EC:2.5.1.90]
ko:K00791,miaA; tRNA dimethylallyltransferase [EC:2.5.1.75]
ko:K00588,E2.1.1.104; caffeoyl-CoA O-methyltransferase [EC:2.1.1.104]
ko:K17836,penP; beta-lactamase class A [EC:3.5.2.6]
ko:K01031,"pcaI; 3-oxoadipate CoA-transferase, alpha subunit [EC:2.8.3.6]"
ko:K01032,"pcaJ; 3-oxoadipate CoA-transferase, beta subunit [EC:2.8.3.6]"
ko:K03043,rpoB; DNA-directed RNA polymerase subunit beta [EC:2.7.7.6]
ko:K03046,rpoC; DNA-directed RNA polymerase subunit beta' [EC:2.7.7.6]
ko:K03040,rpoA; DNA-directed RNA polymerase subunit alpha [EC:2.7.7.6]
ko:K02945,RP-S1; small subunit ribosomal protein S1
ko:K02967,RP-S2; small subunit ribosomal protein S2
ko:K02982,RP-S3; small subunit ribosomal protein S3
ko:K02986,RP-S4; small subunit ribosomal protein S4
ko:K02988,RP-S5; small subunit ribosomal protein S5
ko:K02990,RP-S6; small subunit ribosomal protein S6
ko:K02992,RP-S7; small subunit ribosomal protein S7
ko:K02994,RP-S8; small subunit ribosomal protein S8
ko:K02996,RP-S9; small subunit ribosomal protein S9
ko:K02946,RP-S10; small subunit ribosomal protein S10
ko:K02948,RP-S11; small subunit ribosomal protein S11
ko:K02950,RP-S12; small subunit ribosomal protein S12
ko:K02952,RP-S13; small subunit ribosomal protein S13
ko:K02954,RP-S14; small subunit ribosomal protein S14
ko:K02956,RP-S15; small subunit ribosomal protein S15
ko:K02959,RP-S16; small subunit ribosomal protein S16
ko:K02961,RP-S17; small subunit ribosomal protein S17
ko:K02963,RP-S18; small subunit ribosomal protein S18
ko:K02965,RP-S19; small subunit ribosomal protein S19
ko:K02968,RP-S20; small subunit ribosomal protein S20
ko:K02970,RP-S21; small subunit ribosomal protein S21
ko:K02863,RP-L1; large subunit ribosomal protein L1
ko:K02886,RP-L2; large subunit ribosomal protein L2
ko:K02906,RP-L3; large subunit ribosomal protein L3
ko:K02926,RP-L4; large subunit ribosomal protein L4
ko:K02931,RP-L5; large subunit ribosomal protein L5
ko:K02933,RP-L6; large subunit ribosomal protein L6
ko:K02935,RP-L7; large subunit ribosomal protein L7/L12
ko:K02939,RP-L9; large subunit ribosomal protein L9
ko:K02864,RP-L10; large subunit ribosomal protein L10
ko:K02867,RP-L11; large subunit ribosomal protein L11
ko:K02871,RP-L13; large subunit ribosomal protein L13
ko:K02874,RP-L14; large subunit ribosomal protein L14
ko:K02876,RP-L15; large subunit ribosomal protein L15
ko:K02878,RP-L16; large subunit ribosomal protein L16
ko:K02879,RP-L17; large subunit ribosomal protein L17
ko:K02881,RP-L18; large subunit ribosomal protein L18
ko:K02884,RP-L19; large subunit ribosomal protein L19
ko:K02887,RP-L20; large subunit ribosomal protein L20
ko:K02888,RP-L21; large subunit ribosomal protein L21
ko:K02890,RP-L22; large subunit ribosomal protein L22
ko:K02892,RP-L23; large subunit ribosomal protein L23
ko:K02895,RP-L24; large subunit ribosomal protein L24
ko:K02897,RP-L25; large subunit ribosomal protein L25
ko:K02899,RP-L27; large subunit ribosomal protein L27
ko:K02902,RP-L28; large subunit ribosomal protein L28
ko:K02904,RP-L29; large subunit ribosomal protein L29
ko:K02907,RP-L30; large subunit ribosomal protein L30
ko:K02909,RP-L31; large subunit ribosomal protein L31
ko:K02911,RP-L32; large subunit ribosomal protein L32
ko:K02913,RP-L33; large subunit ribosomal protein L33
ko:K02916,RP-L35; large subunit ribosomal protein L35
ko:K02919,RP-L36; large subunit ribosomal protein L36
ko:K01886,QARS; glutaminyl-tRNA synthetase [EC:6.1.1.18]
ko:K01872,AARS; alanyl-tRNA synthetase [EC:6.1.1.7]
ko:K01876,DARS2; aspartyl-tRNA synthetase [EC:6.1.1.12]
ko:K01893,NARS; asparaginyl-tRNA synthetase [EC:6.1.1.22]
ko:K01880,GARS; glycyl-tRNA synthetase [EC:6.1.1.14]
ko:K01868,TARS; threonyl-tRNA synthetase [EC:6.1.1.3]
ko:K01875,SARS; seryl-tRNA synthetase [EC:6.1.1.11]
ko:K01883,CARS; cysteinyl-tRNA synthetase [EC:6.1.1.16]
ko:K01873,VARS; valyl-tRNA synthetase [EC:6.1.1.9]
ko:K01869,LARS; leucyl-tRNA synthetase [EC:6.1.1.4]
ko:K01870,IARS; isoleucyl-tRNA synthetase [EC:6.1.1.5]
ko:K04567,"KARS; lysyl-tRNA synthetase, class II [EC:6.1.1.6]"
ko:K01887,RARS; arginyl-tRNA synthetase [EC:6.1.1.19]
ko:K01881,PARS; prolyl-tRNA synthetase [EC:6.1.1.15]
ko:K01892,HARS; histidyl-tRNA synthetase [EC:6.1.1.21]
ko:K01889,FARSA; phenylalanyl-tRNA synthetase alpha chain [EC:6.1.1.20]
ko:K01890,FARSB; phenylalanyl-tRNA synthetase beta chain [EC:6.1.1.20]
ko:K01866,YARS; tyrosyl-tRNA synthetase [EC:6.1.1.1]
ko:K01867,WARS; tryptophanyl-tRNA synthetase [EC:6.1.1.2]
ko:K03685,rnc; ribonuclease III [EC:3.1.26.3]
ko:K03076,secY; preprotein translocase subunit SecY
ko:K03073,secE; preprotein translocase subunit SecE
ko:K03075,secG; preprotein translocase subunit SecG
ko:K03072,secD; preprotein translocase subunit SecD
ko:K12257,secDF; SecD/SecF fusion protein
ko:K03210,yajC; preprotein translocase subunit YajC
ko:K03217,yidC; YidC/Oxa1 family membrane protein insertase
ko:K03070,secA; preprotein translocase subunit SecA [EC:7.4.2.8]
ko:K03106,SRP54; signal recognition particle subunit SRP54 [EC:3.6.5.4]
ko:K03110,ftsY; fused signal recognition particle receptor
ko:K03100,lepB; signal peptidase I [EC:3.4.21.89]
ko:K03101,lspA; signal peptidase II [EC:3.4.23.36]
ko:K04079,HSP90A; molecular chaperone HtpG
ko:K13993,HSP20; HSP20 family protein
ko:K00566,mnmA; tRNA-uridine 2-sulfurtransferase [EC:2.8.1.13]
ko:K12585,DIS3; exosome complex exonuclease DIS3/RRP44 [EC:3.1.13.-]
ko:K00962,pnp; polyribonucleotide nucleotidyltransferase [EC:2.7.7.8]
ko:K12573,rnr; ribonuclease R [EC:3.1.13.1]
ko:K05592,deaD; ATP-dependent RNA helicase DeaD [EC:3.6.4.13]
ko:K03654,recQ; ATP-dependent DNA helicase RecQ [EC:5.6.2.4]
ko:K03628,rho; transcription termination factor Rho
ko:K18682,rny; ribonucrease Y [EC:3.1.-.-]
ko:K04043,dnaK; molecular chaperone DnaK
ko:K04077,groEL; chaperonin GroEL [EC:5.6.1.7]
ko:K00970,pcnB; poly(A) polymerase [EC:2.7.7.19]
ko:K02342,dnaQ; DNA polymerase III subunit epsilon [EC:2.7.7.7]
ko:K02337,dnaE; DNA polymerase III subunit alpha [EC:2.7.7.7]
ko:K02343,dnaX; DNA polymerase III subunit gamma/tau [EC:2.7.7.7]
ko:K02341,holB; DNA polymerase III subunit delta' [EC:2.7.7.7]
ko:K02340,holA; DNA polymerase III subunit delta [EC:2.7.7.7]
ko:K02338,dnaN; DNA polymerase III subunit beta [EC:2.7.7.7]
ko:K02314,dnaB; replicative DNA helicase [EC:5.6.2.3]
ko:K02316,dnaG; DNA primase [EC:2.7.7.101]
ko:K03111,ssb; single-strand DNA-binding protein
ko:K03469,rnhA; ribonuclease HI [EC:3.1.26.4]
ko:K03470,rnhB; ribonuclease HII [EC:3.1.26.4]
ko:K02335,polA; DNA polymerase I [EC:2.7.7.7]
ko:K01972,E6.5.1.2; DNA ligase (NAD+) [EC:6.5.1.2]
ko:K10773,NTH; endonuclease III [EC:4.2.99.18]
ko:K03648,UNG; uracil-DNA glycosylase [EC:3.2.2.27]
ko:K01142,E3.1.11.2; exodeoxyribonuclease III [EC:3.1.11.2]
ko:K07462,recJ; single-stranded-DNA-specific exonuclease [EC:3.1.-.-]
ko:K03723,mfd; transcription-repair coupling factor (superfamily II helicase) [EC:5.6.2.4]
ko:K03701,uvrA; excinuclease ABC subunit A
ko:K03702,uvrB; excinuclease ABC subunit B
ko:K03703,uvrC; excinuclease ABC subunit C
ko:K03657,uvrD; ATP-dependent DNA helicase UvrD/PcrA [EC:5.6.2.4]
ko:K03555,mutS; DNA mismatch repair protein MutS
ko:K07456,mutS2; DNA mismatch repair protein MutS2
ko:K03572,mutL; DNA mismatch repair protein MutL
ko:K03601,xseA; exodeoxyribonuclease VII large subunit [EC:3.1.11.6]
ko:K06223,dam; DNA adenine methylase [EC:2.1.1.72]
ko:K03629,recF; DNA replication and repair protein RecF
ko:K03584,recO; DNA repair protein RecO (recombination protein O)
ko:K06187,recR; recombination protein RecR
ko:K03553,recA; recombination protein RecA
ko:K03551,ruvB; holliday junction DNA helicase RuvB [EC:5.6.2.4]
ko:K01159,ruvC; crossover junction endodeoxyribonuclease RuvC [EC:3.1.21.10]
ko:K03655,recG; ATP-dependent DNA helicase RecG [EC:5.6.2.4]
ko:K04066,priA; primosomal protein N' (replication factor Y) (superfamily II helicase) [EC:5.6.2.4]
ko:K03767,PPIA; peptidyl-prolyl cis-trans isomerase A (cyclophilin A) [EC:5.2.1.8]
ko:K05776,modF; molybdate transport system ATP-binding protein
ko:K02067,mlaD; phospholipid/cholesterol/gamma-HCH transport system substrate-binding protein
ko:K02066,mlaE; phospholipid/cholesterol/gamma-HCH transport system permease protein
ko:K02065,mlaF; phospholipid/cholesterol/gamma-HCH transport system ATP-binding protein
ko:K02040,pstS; phosphate transport system substrate-binding protein
ko:K02037,pstC; phosphate transport system permease protein
ko:K02038,pstA; phosphate transport system permease protein
ko:K02036,pstB; phosphate transport system ATP-binding protein [EC:7.3.2.1]
ko:K09815,znuA; zinc transport system substrate-binding protein
ko:K09817,znuC; zinc transport system ATP-binding protein [EC:7.2.2.20]
ko:K11707,troA; manganese/zinc/iron transport system substrate-binding protein
ko:K09696,natB; sodium transport system permease protein
ko:K09697,natA; sodium transport system ATP-binding protein [EC:7.2.2.4]
ko:K09808,lolC_E; lipoprotein-releasing system permease protein
ko:K09810,lolD; lipoprotein-releasing system ATP-binding protein [EC:7.6.2.-]
ko:K07091,lptF; lipopolysaccharide export system permease protein
ko:K11720,lptG; lipopolysaccharide export system permease protein
ko:K06861,lptB; lipopolysaccharide export system ATP-binding protein [EC:7.5.2.5]
ko:K09811,ftsX; cell division transport system permease protein
ko:K11085,"msbA; ATP-binding cassette, subfamily B, bacterial MsbA [EC:7.5.2.6]"
ko:K12340,tolC; outer membrane protein
ko:K07636,"phoR; two-component system, OmpR family, phosphate regulon sensor histidine kinase PhoR [EC:2.7.13.3]"
ko:K07657,"phoB; two-component system, OmpR family, phosphate regulon response regulator PhoB"
ko:K07658,"phoB1; two-component system, OmpR family, alkaline phosphatase synthesis response regulator PhoP"
ko:K07787,cusA; copper/silver efflux system protein
ko:K02313,dnaA; chromosomal replication initiator protein
ko:K08641,vanX; zinc D-Ala-D-Ala dipeptidase [EC:3.4.13.22]
ko:K07713,"zraR; two-component system, NtrC family, response regulator HydG"
ko:K02106,atoE; short-chain fatty acids transporter
ko:K03092,rpoN; RNA polymerase sigma-54 factor
ko:K01991,wza; polysaccharide biosynthesis/export protein
ko:K04564,"SOD2; superoxide dismutase, Fe-Mn family [EC:1.15.1.1]"
ko:K01338,lon; ATP-dependent Lon protease [EC:3.4.21.53]
ko:K03531,ftsZ; cell division protein FtsZ
ko:K03589,ftsQ; cell division protein FtsQ
ko:K03590,ftsA; cell division protein FtsA
ko:K03588,ftsW; cell division protein FtsW
ko:K11749,rseP; regulator of sigma E protease [EC:3.4.24.-]
ko:K03544,clpX; ATP-dependent Clp protease ATP-binding subunit ClpX
ko:K01358,"clpP; ATP-dependent Clp protease, protease subunit [EC:3.4.21.92]"
ko:K01173,"ENDOG; endonuclease G, mitochondrial"
ko:K03386,PRDX2_4; peroxiredoxin 2/4 [EC:1.11.1.24]
ko:K20265,gadC; glutamate:GABA antiporter
ko:K20276,bapA; large repetitive protein
ko:K02035,ABC.PE.S; peptide/nickel transport system substrate-binding protein
ko:K02033,ABC.PE.P; peptide/nickel transport system permease protein
ko:K02034,ABC.PE.P1; peptide/nickel transport system permease protein
ko:K02031,ddpD; peptide/nickel transport system ATP-binding protein
ko:K02032,ddpF; peptide/nickel transport system ATP-binding protein
ko:K04761,"oxyR; LysR family transcriptional regulator, hydrogen peroxide-inducible genes activator"
ko:K02557,motB; chemotaxis protein MotB
ko:K03086,rpoD; RNA polymerase primary sigma factor
ko:K03671,trxA; thioredoxin 1
ko:K01278,DPP4; dipeptidyl-peptidase 4 [EC:3.4.14.5]
ko:K03695,clpB; ATP-dependent Clp protease ATP-binding subunit ClpB
ko:K02358,tuf; elongation factor Tu
ko:K08303,prtC; U32 family peptidase [EC:3.4.-.-]
ko:K03596,lepA; GTP-binding protein LepA
ko:K13730,inlA; internalin A
ko:K13963,SERPINB; serpin B
ko:K17680,PEO1; twinkle protein [EC:5.6.2.3]
ko:K08218,"ampG; MFS transporter, PAT family, beta-lactamase induction signal transducer AmpG"
ko:K03585,"acrA; membrane fusion protein, multidrug efflux system"
ko:K01448,amiABC; N-acetylmuramoyl-L-alanine amidase [EC:3.5.1.28]
ko:K08838,STK24_25_MST4; serine/threonine-protein kinase 24/25/MST4 [EC:2.7.11.1]
ko:K12132,prkC; eukaryotic-like serine/threonine-protein kinase [EC:2.7.11.1]
ko:K07154,hipA; serine/threonine-protein kinase HipA [EC:2.7.11.1]
ko:K04757,rsbW; serine/threonine-protein kinase RsbW [EC:2.7.11.1]
ko:K08884,serine/threonine protein kinase
ko:K02484,two-component system
ko:K01372,BLMH; bleomycin hydrolase [EC:3.4.22.40]
ko:K07010,putative glutamine amidotransferase
ko:K13694,mepS; murein DD-endopeptidase / murein LD-carboxypeptidase [EC:3.4.-.- 3.4.17.13]
ko:K13695,nlpC; probable lipoprotein NlpC
ko:K03152,thiJ; protein deglycase [EC:3.5.1.124]
ko:K07052,CAAX protease family protein
ko:K01414,prlC; oligopeptidase A [EC:3.4.24.70]
ko:K01284,dcp; peptidyl-dipeptidase Dcp [EC:3.4.15.5]
ko:K09607,ina; immune inhibitor A [EC:3.4.24.-]
ko:K01415,ECE; endothelin-converting enzyme [EC:3.4.24.71]
ko:K07386,pepO; putative endopeptidase [EC:3.4.24.-]
ko:K07752,CPD; carboxypeptidase D [EC:3.4.17.22]
ko:K07263,pqqL; zinc protease [EC:3.4.24.-]
ko:K01258,pepT; tripeptide aminopeptidase [EC:3.4.11.4]
ko:K01436,yhaA; amidohydrolase [EC:3.5.1.-]
ko:K01265,map; methionyl aminopeptidase [EC:3.4.11.18]
ko:K01262,pepP; Xaa-Pro aminopeptidase [EC:3.4.11.9]
ko:K03798,ftsH; cell division protease FtsH [EC:3.4.24.-]
ko:K01277,DPP3; dipeptidyl-peptidase III [EC:3.4.14.4]
ko:K01337,E3.4.21.50; lysyl endopeptidase [EC:3.4.21.50]
ko:K18574,ptpA; Xaa-Xaa-Pro tripeptidyl-peptidase [EC:3.4.14.12]
ko:K03797,E3.4.21.102; carboxyl-terminal processing protease [EC:3.4.21.102]
ko:K08676,tri; tricorn protease [EC:3.4.21.-]
ko:K04773,sppA; protease IV [EC:3.4.21.-]
ko:K09650,PARL; rhomboid-like protein [EC:3.4.21.105]
ko:K01297,ldcA; muramoyltetrapeptide carboxypeptidase [EC:3.4.17.13]
ko:K12984,"waaE; (heptosyl)LPS beta-1,4-glucosyltransferase [EC:2.4.1.-]"
ko:K18827,wbdD; O-antigen chain-terminating bifunctional methyltransferase/kinase [EC:2.1.1.- 2.1.1.294 2.7.1.181]
ko:K08307,mltD; membrane-bound lytic murein transglycosylase D [EC:4.2.2.-]
ko:K14261,alaC; alanine-synthesizing transaminase [EC:2.6.1.-]
ko:K10778,"ada; AraC family transcriptional regulator, regulatory protein of adaptative response / methylated-DNA-[protein]-cysteine methyltransferase [EC:2.1.1.63]"
ko:K03711,"fur; Fur family transcriptional regulator, ferric uptake regulator"
ko:K09825,"perR; Fur family transcriptional regulator, peroxide stress response regulator"
ko:K01926,rex; redox-sensing transcriptional repressor
ko:K07727,putative transcriptional regulator
ko:K03497,"parB; ParB family transcriptional regulator, chromosome partitioning protein"
ko:K03925,mraZ; transcriptional regulator MraZ
ko:K03088,"rpoE; RNA polymerase sigma-70 factor, ECF subfamily"
ko:K02600,nusA; transcription termination/antitermination protein NusA
ko:K03625,nusB; transcription antitermination protein NusB
ko:K02601,nusG; transcription termination/antitermination protein NusG
ko:K03803,rseC; sigma-E factor negative regulatory protein RseC
ko:K03624,greA; transcription elongation factor GreA
ko:K08301,rng; ribonuclease G [EC:3.1.26.-]
ko:K06958,rapZ; RNase adapter protein RapZ
ko:K03595,era; GTPase
ko:K03979,obgE; GTPase [EC:3.6.5.-]
ko:K02528,ksgA; 16S rRNA (adenine1518-N6/adenine1519-N6)-dimethyltransferase [EC:2.1.1.182]
ko:K08316,rsmD; 16S rRNA (guanine966-N2)-methyltransferase [EC:2.1.1.171]
ko:K09761,rsmE; 16S rRNA (uracil1498-N3)-methyltransferase [EC:2.1.1.193]
ko:K03501,gidB; 16S rRNA (guanine527-N7)-methyltransferase [EC:2.1.1.170]
ko:K03438,mraW; 16S rRNA (cytosine1402-N4)-methyltransferase [EC:2.1.1.199]
ko:K07056,rsmI; 16S rRNA (cytidine1402-2'-O)-methyltransferase [EC:2.1.1.198]
ko:K03218,rlmB; 23S rRNA (guanosine2251-2'-O)-methyltransferase [EC:2.1.1.185]
ko:K00783,rlmH; 23S rRNA (pseudouridine1915-N3)-methyltransferase [EC:2.1.1.177]
ko:K06969,rlmI; 23S rRNA (cytosine1962-C5)-methyltransferase [EC:2.1.1.191]
ko:K06941,rlmN; 23S rRNA (adenine2503-C2)-methyltransferase [EC:2.1.1.192]
ko:K03215,rumA; 23S rRNA (uracil1939-C5)-methyltransferase [EC:2.1.1.190]
ko:K06177,rluA; tRNA pseudouridine32 synthase / 23S rRNA pseudouridine746 synthase [EC:5.4.99.28 5.4.99.29]
ko:K06178,rluB; 23S rRNA pseudouridine2605 synthase [EC:5.4.99.22]
ko:K06180,rluD; 23S rRNA pseudouridine1911/1915/1917 synthase [EC:5.4.99.23]
ko:K02860,rimM; 16S rRNA processing protein RimM
ko:K14441,rimO; ribosomal protein S12 methylthiotransferase [EC:2.8.4.4]
ko:K02687,prmA; ribosomal protein L11 methyltransferase [EC:2.1.1.-]
ko:K07447,ruvX; putative pre-16S rRNA nuclease [EC:3.1.-.-]
ko:K03977,engA; GTPase
ko:K03665,hflX; GTPase
ko:K07566,tsaC; L-threonylcarbamoyladenylate synthase [EC:2.7.7.87]
ko:K02834,rbfA; ribosome-binding factor A
ko:K09710,ybeB; ribosome-associated protein
ko:K05808,yhbH; putative sigma-54 modulation protein
ko:K06942,ychF; ribosome-binding ATPase
ko:K00784,rnz; ribonuclease Z [EC:3.1.26.11]
ko:K00974,cca; tRNA nucleotidyltransferase (CCA-adding enzyme) [EC:2.7.7.72 3.1.3.- 3.1.4.-]
ko:K07560,dtd; D-aminoacyl-tRNA deacylase [EC:3.1.1.96]
ko:K03439,trmB; tRNA (guanine-N7-)-methyltransferase [EC:2.1.1.33]
ko:K06173,truA; tRNA pseudouridine38-40 synthase [EC:5.4.99.12]
ko:K03177,truB; tRNA pseudouridine55 synthase [EC:5.4.99.25]
ko:K01409,OSGEP; N6-L-threonylcarbamoyladenine synthase [EC:2.3.1.234]
ko:K07739,ELP3; elongator complex protein 3 (tRNA uridine(34) acetyltransferase) [EC:2.3.1.-]
ko:K03650,mnmE; tRNA modification GTPase [EC:3.6.-.-]
ko:K03495,gidA; tRNA uridine 5-carboxymethylaminomethyl modification enzyme
ko:K03536,rnpA; ribonuclease P protein component [EC:3.1.26.5]
ko:K19055,prdX; Ala-tRNA(Pro) deacylase [EC:3.1.1.-]
ko:K11991,tadA; tRNA(adenine34) deaminase [EC:3.5.4.33]
ko:K06168,miaB; tRNA-2-methylthio-N6-dimethylallyladenosine synthase [EC:2.8.4.3]
ko:K18707,mtaB; threonylcarbamoyladenosine tRNA methylthiotransferase MtaB [EC:2.8.4.5]
ko:K00554,trmD; tRNA (guanine37-N1)-methyltransferase [EC:2.1.1.228]
ko:K00556,trmH; tRNA (guanosine-2'-O-)-methyltransferase [EC:2.1.1.34]
ko:K15460,yfiC; tRNA1Val (adenine37-N6)-methyltransferase [EC:2.1.1.223]
ko:K03437,"spoU; RNA methyltransferase, TrmH family"
ko:K15461,mnmC; tRNA 5-methylaminomethyl-2-thiouridine biosynthesis bifunctional protein [EC:2.1.1.61 1.5.-.-]
ko:K07568,queA; S-adenosylmethionine:tRNA ribosyltransferase-isomerase [EC:2.4.99.17]
ko:K18979,queG; epoxyqueuosine reductase [EC:1.17.99.6]
ko:K00773,tgt; queuine tRNA-ribosyltransferase [EC:2.4.2.29]
ko:K04075,tilS; tRNA(Ile)-lysidine synthase [EC:6.3.4.19]
ko:K14742,tsaB; tRNA threonylcarbamoyladenosine biosynthesis protein TsaB
ko:K06925,tsaE; tRNA threonylcarbamoyladenosine biosynthesis protein TsaE
ko:K22132,tcdA; tRNA threonylcarbamoyladenosine dehydratase
ko:K02519,infB; translation initiation factor IF-2
ko:K06158,"ABCF3; ATP-binding cassette, subfamily F, member 3"
ko:K02357,tsf; elongation factor Ts
ko:K02355,fusA; elongation factor G
ko:K02835,prfA; peptide chain release factor 1
ko:K02838,frr; ribosome recycling factor
ko:K02493,hemK; release factor glutamine methyltransferase [EC:2.1.1.297]
ko:K01056,"PTH1; peptidyl-tRNA hydrolase, PTH1 family [EC:3.1.1.29]"
ko:K02518,infA; translation initiation factor IF-1
ko:K02836,prfB; peptide chain release factor 2
ko:K03694,clpA; ATP-dependent Clp protease ATP-binding subunit ClpA
ko:K03696,clpC; ATP-dependent Clp protease ATP-binding subunit ClpC
ko:K03686,dnaJ; molecular chaperone DnaJ
ko:K05801,djlA; DnaJ like chaperone protein
ko:K03687,GRPE; molecular chaperone GrpE
ko:K04762,hslR; ribosome-associated heat shock protein Hsp15
ko:K03768,PPIB; peptidyl-prolyl cis-trans isomerase B (cyclophilin B) [EC:5.2.1.8]
ko:K03770,ppiD; peptidyl-prolyl cis-trans isomerase D [EC:5.2.1.8]
ko:K03772,fkpA; FKBP-type peptidyl-prolyl cis-trans isomerase FkpA [EC:5.2.1.8]
ko:K03773,fklB; FKBP-type peptidyl-prolyl cis-trans isomerase FklB [EC:5.2.1.8]
ko:K03775,slyD; FKBP-type peptidyl-prolyl cis-trans isomerase SlyD [EC:5.2.1.8]
ko:K03771,surA; peptidyl-prolyl cis-trans isomerase SurA [EC:5.2.1.8]
ko:K04084,dsbD; thioredoxin:protein disulfide reductase [EC:1.8.4.16]
ko:K03530,hupB; DNA-binding protein HU-beta
ko:K02469,gyrA; DNA gyrase subunit A [EC:5.6.2.2]
ko:K02470,gyrB; DNA gyrase subunit B [EC:5.6.2.2]
ko:K02621,parC; topoisomerase IV subunit A [EC:5.6.2.2]
ko:K02622,parE; topoisomerase IV subunit B [EC:5.6.2.2]
ko:K03168,topA; DNA topoisomerase I [EC:5.6.2.1]
ko:K03466,"ftsK; DNA segregation ATPase FtsK/SpoIIIE, S-DNA-T family"
ko:K09888,zapA; cell division protein ZapA
ko:K03569,mreB; rod shape-determining protein MreB and related proteins
ko:K03570,mreC; rod shape-determining protein MreC
ko:K05837,rodA; rod shape determining protein RodA
ko:K03496,parA; chromosome partitioning protein
ko:K03733,xerC; integrase/recombinase XerC
ko:K04763,xerD; integrase/recombinase XerD
ko:K03593,mrp; ATP-binding protein involved in chromosome partitioning
ko:K04095,"fic; cell filamentation protein, protein adenylyltransferase [EC:2.7.7.108]"
ko:K03978,engB; GTP-binding protein
ko:K00567,ogt; methylated-DNA-[protein]-cysteine S-methyltransferase [EC:2.1.1.63]
ko:K03574,mutT; 8-oxo-dGTP diphosphatase [EC:3.6.1.55]
ko:K03546,sbcC; DNA repair protein SbcC/Rad50
ko:K03547,sbcD; DNA repair protein SbcD/Mre11
ko:K04485,radA; DNA repair protein RadA/Sms
ko:K03631,recN; DNA repair protein RecN (Recombination protein N)
ko:K02346,dinB; DNA polymerase IV [EC:2.7.7.7]
ko:K03502,umuC; DNA polymerase V
ko:K03565,recX; regulatory protein
ko:K07277,SAM50; outer membrane protein insertion porin family
ko:K06147,"ABCB-BAC; ATP-binding cassette, subfamily B, bacterial"
ko:K15738,uup; ABC transport system ATP-binding/permease protein
ko:K02016,ABC.FEV.S; iron complex transport system substrate-binding protein
ko:K02015,ABC.FEV.P; iron complex transport system permease protein
ko:K02013,ABC.FEV.A; iron complex transport system ATP-binding protein [EC:7.2.2.-]
ko:K01992,ABC-2.P; ABC-2 type transport system permease protein
ko:K01990,ABC-2.A; ABC-2 type transport system ATP-binding protein
ko:K02004,ABC.CD.P; putative ABC transport system permease protein
ko:K02003,ABC.CD.A; putative ABC transport system ATP-binding protein
ko:K09013,sufC; Fe-S cluster assembly ATP-binding protein
ko:K14445,"SLC13A2_3_5; solute carrier family 13 (sodium-dependent dicarboxylate transporter), member 2/3/5"
ko:K03327,"TC.MATE; multidrug resistance protein, MATE family"
ko:K02429,"fucP; MFS transporter, FHS family, L-fucose permease"
ko:K10716,kch; voltage-gated potassium channel
ko:K07114,yfbK; Ca-activated chloride channel homolog
ko:K21993,fdhC; formate transporter
ko:K06213,mgtE; magnesium transporter
ko:K03561,exbB; biopolymer transport protein ExbB
ko:K03559,exbD; biopolymer transport protein ExbD
ko:K03284,corA; magnesium transporter
ko:K06199,crcB; fluoride exporter
ko:K03699,"tlyC; magnesium and cobalt exporter, CNNM family"
ko:K03286,"TC.OOP; OmpA-OmpF porin, OOP family"
ko:K16089,TC.FEV.OM2; outer membrane receptor for ferrienterochelin and colicins
ko:K02014,TC.FEV.OM; iron complex outermembrane recepter protein
ko:K05807,bamD; outer membrane protein assembly factor BamD
ko:K20543,bcsC; cellulose synthase operon protein C
ko:K07238,"TC.ZIP; zinc transporter, ZIP family"
ko:K08978,TC.BAT1; bacterial/archaeal transporter family protein
ko:K05786,rarD; chloramphenicol-sensitive protein RarD
ko:K07301,yrbG; cation:H+ antiporter
ko:K03313,"nhaA; Na+:H+ antiporter, NhaA family"
ko:K03315,"nhaC; Na+:H+ antiporter, NhaC family"
ko:K11105,cvrA; potassium/hydrogen antiporter
ko:K03498,trkH; trk/ktr system potassium uptake protein
ko:K03499,trkA; trk/ktr system potassium uptake protein
ko:K07240,chrA; chromate transporter
ko:K03321,"TC.SULP; sulfate permease, SulP family"
ko:K03324,yjbB; phosphate:Na+ symporter
ko:K05595,marC; multiple antibiotic resistance protein
ko:K03832,tonB; periplasmic protein TonB
ko:K03640,pal; peptidoglycan-associated lipoprotein
ko:K03641,tolB; TolB protein
ko:K15987,hppA; K(+)-stimulated pyrophosphate-energized sodium pump [EC:7.1.3.2]
ko:K03811,pnuC; nicotinamide mononucleotide transporter
ko:K04759,feoB; ferrous iron transport protein B
ko:K07507,mgtC; putative Mg2+ transporter-C (MgtC) family protein
ko:K14166,ycnJ; copper transport protein
ko:K02481,"flgR; two-component system, NtrC family, response regulator"
ko:K02503,HINT1; histidine triad (HIT) family protein
ko:K03522,fixB; electron transfer flavoprotein alpha subunit
ko:K03098,APOD; apolipoprotein D and lipocalin family protein
ko:K01153,"hsdR; type I restriction enzyme, R subunit [EC:3.1.21.3]"
ko:K01154,"hsdS; type I restriction enzyme, S subunit [EC:3.1.21.3]"
ko:K03427,hsdM; type I restriction enzyme M protein [EC:2.1.1.72]
ko:K07319,yhdJ; adenine-specific DNA-methyltransferase [EC:2.1.1.72]
ko:K00571,E2.1.1.72; site-specific DNA-methyltransferase (adenine-specific) [EC:2.1.1.72]
ko:K01156,res; type III restriction enzyme [EC:3.1.21.5]
ko:K07334,higB-1; toxin HigB-1
ko:K19271,catA; chloramphenicol O-acetyltransferase type A [EC:2.3.1.28]
ko:K00091,E1.1.1.219; dihydroflavonol-4-reductase [EC:1.1.1.219]
ko:K19265,gpr; L-glyceraldehyde 3-phosphate reductase [EC:1.1.1.-]
ko:K19955,adh2; alcohol dehydrogenase [EC:1.1.1.-]
ko:K00179,"iorA; indolepyruvate ferredoxin oxidoreductase, alpha subunit [EC:1.2.7.8]"
ko:K00180,"iorB; indolepyruvate ferredoxin oxidoreductase, beta subunit [EC:1.2.7.8]"
ko:K22405,fprA1_2; NADH oxidase (H2O-forming) [EC:1.6.3.4]
ko:K03387,ahpF; NADH-dependent peroxiredoxin subunit F [EC:1.8.1.-]
ko:K17992,hndB; NADP-reducing hydrogenase subunit HndB [EC:1.12.1.3]
ko:K18330,hndA; NADP-reducing hydrogenase subunit HndA [EC:1.12.1.3]
ko:K18331,hndC; NADP-reducing hydrogenase subunit HndC [EC:1.12.1.3]
ko:K18332,hndD; NADP-reducing hydrogenase subunit HndD [EC:1.12.1.3]
ko:K02217,ftnA; ferritin [EC:1.16.3.2]
ko:K00528,fpr; ferredoxin/flavodoxin---NADP+ reductase [EC:1.18.1.2 1.19.1.1]
ko:K00537,arsC; arsenate reductase (glutaredoxin) [EC:1.20.4.1]
ko:K03741,arsC; arsenate reductase (thioredoxin) [EC:1.20.4.4]
ko:K04070,pflX; putative pyruvate formate lyase activating enzyme [EC:1.97.1.4]
ko:K00573,E2.1.1.77; protein-L-isoaspartate(D-aspartate) O-methyltransferase [EC:2.1.1.77]
ko:K07444,ypsC; putative N6-adenine-specific DNA methylase [EC:2.1.1.-]
ko:K13043,argF; N-succinyl-L-ornithine transcarbamylase [EC:2.1.3.11]
ko:K00633,lacA; galactoside O-acetyltransferase [EC:2.3.1.18]
ko:K00661,maa; maltose O-acetyltransferase [EC:2.3.1.79]
ko:K00684,aat; leucyl/phenylalanyl-tRNA---protein transferase [EC:2.3.2.6]
ko:K18785,"mp2; beta-1,4-mannooligosaccharide/beta-1,4-mannosyl-N-acetylglucosamine phosphorylase [EC:2.4.1.319 2.4.1.320]"
ko:K00809,DHPS; deoxyhypusine synthase [EC:2.5.1.46]
ko:K03734,apbE; FAD:protein FMN transferase [EC:2.7.1.180]
ko:K07214,fes; iron(III)-enterobactin esterase [EC:3.1.1.108]
ko:K07107,ybgC; acyl-CoA thioester hydrolase [EC:3.1.2.-]
ko:K01104,E3.1.3.48; protein-tyrosine phosphatase [EC:3.1.3.48]
ko:K07053,"E3.1.3.97; 3',5'-nucleoside bisphosphate phosphatase [EC:3.1.3.97]"
ko:K07037,pgpH; cyclic-di-AMP phosphodiesterase PgpH [EC:3.1.4.-]
ko:K03424,tatD; TatD DNase family protein [EC:3.1.21.-]
ko:K21575,susA; neopullulanase [EC:3.2.1.135]
ko:K01462,PDF; peptide deformylase [EC:3.5.1.88]
ko:K01463,bshB1; N-acetylglucosamine malate deacetylase 1 [EC:3.5.1.-]
ko:K09022,ridA; 2-iminobutanoate/2-iminopropanoate deaminase [EC:3.5.99.10]
ko:K03924,moxR; MoxR-like ATPase [EC:3.6.3.-]
ko:K07588,MMAA; GTPase [EC:3.6.5.-]
ko:K17758,nnrD; ADP-dependent NAD(P)H-hydrate dehydratase [EC:4.2.1.136]
ko:K16213,cbe; cellobiose epimerase [EC:5.1.3.11]
ko:K17759,NAXE; NAD(P)H-hydrate epimerase [EC:5.1.99.6]
ko:K01802,E5.2.1.8; peptidylprolyl isomerase [EC:5.2.1.8]
ko:K02558,mpl; UDP-N-acetylmuramate: L-alanyl-gamma-D-glutamyl-meso-diaminopimelate ligase [EC:6.3.2.45]
ko:K03614,rnfD; H+/Na+-translocating ferredoxin:NAD+ oxidoreductase subunit D [EC:7.1.1.11 7.2.1.2]
ko:K03615,rnfC; H+/Na+-translocating ferredoxin:NAD+ oxidoreductase subunit C [EC:7.1.1.11 7.2.1.2]
ko:K03616,rnfB; H+/Na+-translocating ferredoxin:NAD+ oxidoreductase subunit B [EC:7.1.1.11 7.2.1.2]
ko:K00346,nqrA; Na+-transporting NADH:ubiquinone oxidoreductase subunit A [EC:7.2.1.1]
ko:K00347,nqrB; Na+-transporting NADH:ubiquinone oxidoreductase subunit B [EC:7.2.1.1]
ko:K00348,nqrC; Na+-transporting NADH:ubiquinone oxidoreductase subunit C [EC:7.2.1.1]
ko:K00349,nqrD; Na+-transporting NADH:ubiquinone oxidoreductase subunit D [EC:7.2.1.1]
ko:K00350,nqrE; Na+-transporting NADH:ubiquinone oxidoreductase subunit E [EC:7.2.1.1]
ko:K00351,nqrF; Na+-transporting NADH:ubiquinone oxidoreductase subunit F [EC:7.2.1.1]
ko:K18928,lldE; L-lactate dehydrogenase complex protein LldE
ko:K18929,lldF; L-lactate dehydrogenase complex protein LldF
ko:K00782,lldG; L-lactate dehydrogenase complex protein LldG
ko:K03612,rnfG; H+/Na+-translocating ferredoxin:NAD+ oxidoreductase subunit G
ko:K03613,rnfE; H+/Na+-translocating ferredoxin:NAD+ oxidoreductase subunit E
ko:K03617,rnfA; H+/Na+-translocating ferredoxin:NAD+ oxidoreductase subunit A
ko:K03521,fixA; electron transfer flavoprotein beta subunit
ko:K06997,yggS; PLP dependent protein
ko:K16705,tuaE; teichuronic acid biosynthesis protein TuaE
ko:K07027,glycosyltransferase 2 family protein
ko:K09181,yfiQ; acetyltransferase
ko:K06959,tex; protein Tex
ko:K07576,metallo-beta-lactamase family protein
ko:K06891,clpS; ATP-dependent Clp protease adaptor protein ClpS
ko:K03545,tig; trigger factor
ko:K03664,smpB; SsrA-binding protein
ko:K07391,comM; magnesium chelatase family protein
ko:K07403,nfeD; membrane-bound serine protease (ClpP class)
ko:K03630,radC; DNA repair protein RadC
ko:K07460,yraN; putative endonuclease
ko:K04096,smf; DNA processing protein
ko:K07478,ycaJ; putative ATPase
ko:K06919,putative DNA primase/helicase
ko:K07501,3'-5' exonuclease
ko:K07497,putative transposase
ko:K21990,yfdC; formate-nitrite transporter family protein
ko:K03296,"TC.HAE1; hydrophobic/amphiphilic exporter-1 (mainly G- bacteria), HAE1 family"
ko:K03305,"TC.POT; proton-dependent oligopeptide transporter, POT family"
ko:K03308,"TC.NSS; neurotransmitter:Na+ symporter, NSS family"
ko:K03310,"TC.AGCS; alanine or glycine:cation symporter, AGCS family"
ko:K03455,"TC.KEF; monovalent cation:H+ antiporter-2, CPA2 family"
ko:K03281,"TC.CIC; chloride channel protein, CIC family"
ko:K03328,"TC.PST; polysaccharide transporter, PST family"
ko:K07085,putative transport protein
ko:K06381,spoIID; stage II sporulation protein D
ko:K06413,spoVK; stage V sporulation protein K
ko:K06200,cstA; carbon starvation protein
ko:K06207,typA; GTP-binding protein
ko:K06217,phoH; phosphate starvation-inducible protein PhoH and related proteins
ko:K03634,lolA; outer membrane lipoprotein carrier protein
ko:K03642,rlpA; rare lipoprotein A
ko:K06142,hlpA; outer membrane protein
ko:K07282,capA; gamma-polyglutamate biosynthesis protein CapA
ko:K01993,ABC-2.TX; HlyD family secretion protein
ko:K02005,ABC.CD.TX; HlyD family secretion protein
ko:K21571,susE_F; starch-binding outer membrane protein SusE/F
ko:K05794,terC; tellurite resistance protein TerC
ko:K06201,cutC; copper homeostasis protein
ko:K03558,cvpA; membrane protein required for colicin V production
ko:K07001,NTE family protein
ko:K07025,putative hydrolase of the HAD superfamily
ko:K09014,sufB; Fe-S cluster assembly protein SufB
ko:K09015,sufD; Fe-S cluster assembly protein SufD
ko:K07082,UPF0755 protein
ko:K02426,sufE; cysteine desulfuration protein SufE
ko:K03744,lemA; LemA protein
ko:K08972,putative membrane protein
ko:K08974,putative membrane protein
ko:K06871,uncharacterized protein
ko:K06872,uncharacterized protein
ko:K06885,uncharacterized protein
ko:K06889,uncharacterized protein
ko:K06973,uncharacterized protein
ko:K06987,uncharacterized protein
ko:K07000,uncharacterized protein
ko:K07003,uncharacterized protein
ko:K07079,uncharacterized protein
ko:K07089,uncharacterized protein
ko:K07090,uncharacterized protein
ko:K07095,uncharacterized protein
ko:K07098,uncharacterized protein
ko:K07133,uncharacterized protein
ko:K07137,uncharacterized protein
ko:K07138,uncharacterized protein
ko:K07139,uncharacterized protein
ko:K07164,uncharacterized protein
ko:K08999,uncharacterized protein
ko:K09117,uncharacterized protein
ko:K09793,uncharacterized protein
ko:K09797,uncharacterized protein
ko:K09922,uncharacterized protein